[2026-02-07 16:49:03.405] 모니터링 주기 시작...
[2026-02-07 16:49:03.406] 시스템 시작
[2026-02-07 16:49:05.356] 매도 실행: SK하이닉스 - 추세이탈(주의)
[2026-02-07 16:49:05.363] ======== [주문 실행] SELL ========
[2026-02-07 16:49:05.369] 대상: 000660, 수량: 15, 단가: 시장가(0)
[2026-02-07 16:49:05.375] API URL: https://openapivts.koreainvestment.com:29443/uapi/domestic-stock/v1/trading/order-cash
[2026-02-07 16:49:05.921] 결과: 실패 (모의투자 영업일이 아닙니다.) [Code: 40100000]
[2026-02-07 16:49:05.930] ========================================
[2026-02-07 16:49:05.937] 매도 실행: SK텔레콤 - 손절(-11.85%)
[2026-02-07 16:49:05.942] ======== [주문 실행] SELL ========
[2026-02-07 16:49:05.948] 대상: 017670, 수량: 2, 단가: 시장가(0)
[2026-02-07 16:49:05.954] API URL: https://openapivts.koreainvestment.com:29443/uapi/domestic-stock/v1/trading/order-cash
[2026-02-07 16:49:06.514] 결과: 실패 (모의투자 영업일이 아닙니다.) [Code: 40100000]
[2026-02-07 16:49:06.523] ========================================
[2026-02-07 16:49:07.114] 모니터링 완료. 대기 중...
[2026-02-07 16:50:07.352] 모니터링 주기 시작...
[2026-02-07 16:50:09.291] 매도 실행: SK하이닉스 - 추세이탈(주의)
[2026-02-07 16:50:09.292] ======== [주문 실행] SELL ========
[2026-02-07 16:50:09.301] 대상: 000660, 수량: 15, 단가: 시장가(0)
[2026-02-07 16:50:09.307] API URL: https://openapivts.koreainvestment.com:29443/uapi/domestic-stock/v1/trading/order-cash
[2026-02-07 16:50:09.851] 결과: 실패 (모의투자 영업일이 아닙니다.) [Code: 40100000]
[2026-02-07 16:50:09.853] ========================================
[2026-02-07 16:50:09.862] 매도 실행: SK텔레콤 - 손절(-11.85%)
[2026-02-07 16:50:09.868] ======== [주문 실행] SELL ========
[2026-02-07 16:50:09.874] 대상: 017670, 수량: 2, 단가: 시장가(0)
[2026-02-07 16:50:09.879] API URL: https://openapivts.koreainvestment.com:29443/uapi/domestic-stock/v1/trading/order-cash
[2026-02-07 16:50:10.450] 결과: 실패 (모의투자 영업일이 아닙니다.) [Code: 40100000]
[2026-02-07 16:50:10.451] ========================================
[2026-02-07 16:50:11.050] 모니터링 완료. 대기 중...
[2026-02-07 16:51:11.267] 모니터링 주기 시작...
[2026-02-07 16:51:13.189] 매도 실행: SK하이닉스 - 추세이탈(주의)
[2026-02-07 16:51:13.190] ======== [주문 실행] SELL ========
[2026-02-07 16:51:13.194] 대상: 000660, 수량: 15, 단가: 시장가(0)
[2026-02-07 16:51:13.198] API URL: https://openapivts.koreainvestment.com:29443/uapi/domestic-stock/v1/trading/order-cash
[2026-02-07 16:51:13.748] 결과: 실패 (모의투자 영업일이 아닙니다.) [Code: 40100000]
[2026-02-07 16:51:13.749] ========================================
[2026-02-07 16:51:13.759] 매도 실행: SK텔레콤 - 손절(-11.85%)
[2026-02-07 16:51:13.767] ======== [주문 실행] SELL ========
[2026-02-07 16:51:13.775] 대상: 017670, 수량: 2, 단가: 시장가(0)
[2026-02-07 16:51:13.783] API URL: https://openapivts.koreainvestment.com:29443/uapi/domestic-stock/v1/trading/order-cash
[2026-02-07 16:51:14.353] 결과: 실패 (모의투자 영업일이 아닙니다.) [Code: 40100000]
[2026-02-07 16:51:14.354] ========================================
[2026-02-07 16:51:14.954] 모니터링 완료. 대기 중...
[2026-02-07 16:52:36.097] 시스템 시작
[2026-02-07 16:52:36.096] 모니터링 주기 시작...
[2026-02-07 16:52:38.054] 매도 실행: SK하이닉스 - 추세이탈(주의)
[2026-02-07 16:52:38.055] ======== [주문 실행] SELL ========
[2026-02-07 16:52:38.061] 대상: 000660, 수량: 15, 단가: 시장가(0)
[2026-02-07 16:52:38.067] API URL: https://openapivts.koreainvestment.com:29443/uapi/domestic-stock/v1/trading/order-cash
[2026-02-07 16:52:38.634] 결과: 실패 (모의투자 영업일이 아닙니다.) [Code: 40100000]
[2026-02-07 16:52:38.640] ========================================
[2026-02-07 16:52:38.647] 매도 실행: SK텔레콤 - 손절(-11.85%)
[2026-02-07 16:52:38.653] ======== [주문 실행] SELL ========
[2026-02-07 16:52:38.658] 대상: 017670, 수량: 2, 단가: 시장가(0)
[2026-02-07 16:52:38.666] API URL: https://openapivts.koreainvestment.com:29443/uapi/domestic-stock/v1/trading/order-cash
[2026-02-07 16:52:39.235] 결과: 실패 (모의투자 영업일이 아닙니다.) [Code: 40100000]
[2026-02-07 16:52:39.236] ========================================
[2026-02-07 16:52:39.835] 모니터링 완료. 대기 중...
[2026-02-07 16:53:40.049] 모니터링 주기 시작...
[2026-02-07 16:53:41.973] 매도 실행: SK하이닉스 - 추세이탈(주의)
[2026-02-07 16:53:41.974] ======== [주문 실행] SELL ========
[2026-02-07 16:53:41.983] 대상: 000660, 수량: 15, 단가: 시장가(0)
[2026-02-07 16:53:41.990] API URL: https://openapivts.koreainvestment.com:29443/uapi/domestic-stock/v1/trading/order-cash
[2026-02-07 16:53:42.558] 결과: 실패 (모의투자 영업일이 아닙니다.) [Code: 40100000]
[2026-02-07 16:53:42.560] ========================================
[2026-02-07 16:53:42.568] 매도 실행: SK텔레콤 - 손절(-11.85%)
[2026-02-07 16:53:42.576] ======== [주문 실행] SELL ========
[2026-02-07 16:53:42.583] 대상: 017670, 수량: 2, 단가: 시장가(0)
[2026-02-07 16:53:42.589] API URL: https://openapivts.koreainvestment.com:29443/uapi/domestic-stock/v1/trading/order-cash
[2026-02-07 16:53:43.160] 결과: 실패 (모의투자 영업일이 아닙니다.) [Code: 40100000]
[2026-02-07 16:53:43.162] ========================================
[2026-02-07 16:53:43.762] 모니터링 완료. 대기 중...
[2026-02-07 16:54:43.985] 모니터링 주기 시작...
[2026-02-07 16:54:45.908] 매도 실행: SK하이닉스 - 추세이탈(주의)
[2026-02-07 16:54:45.909] ======== [주문 실행] SELL ========
[2026-02-07 16:54:45.916] 대상: 000660, 수량: 15, 단가: 시장가(0)
[2026-02-07 16:54:45.921] API URL: https://openapivts.koreainvestment.com:29443/uapi/domestic-stock/v1/trading/order-cash
[2026-02-07 16:54:46.466] 결과: 실패 (모의투자 영업일이 아닙니다.) [Code: 40100000]
[2026-02-07 16:54:46.467] ========================================
[2026-02-07 16:54:46.475] 매도 실행: SK텔레콤 - 손절(-11.85%)
[2026-02-07 16:54:46.482] ======== [주문 실행] SELL ========
[2026-02-07 16:54:46.488] 대상: 017670, 수량: 2, 단가: 시장가(0)
[2026-02-07 16:54:46.499] API URL: https://openapivts.koreainvestment.com:29443/uapi/domestic-stock/v1/trading/order-cash
[2026-02-07 16:54:47.063] 결과: 실패 (모의투자 영업일이 아닙니다.) [Code: 40100000]
[2026-02-07 16:54:47.064] ========================================
[2026-02-07 16:54:47.654] 모니터링 완료. 대기 중...
[2026-02-07 16:55:24.978] 모니터링 주기 시작...
[2026-02-07 16:55:24.979] 시스템 시작
[2026-02-07 16:55:26.909] 매도 실행: SK하이닉스 - 추세이탈(주의) [점수:6, RSI:58.7, ADX:48.1]
[2026-02-07 16:55:26.910] ======== [주문 실행] SELL ========
[2026-02-07 16:55:26.918] 대상: 000660, 수량: 15, 단가: 시장가(0)
[2026-02-07 16:55:26.925] API URL: https://openapivts.koreainvestment.com:29443/uapi/domestic-stock/v1/trading/order-cash
[2026-02-07 16:55:27.467] 결과: 실패 (모의투자 영업일이 아닙니다.) [Code: 40100000]
[2026-02-07 16:55:27.470] ========================================
[2026-02-07 16:55:27.479] 매도 실행: SK텔레콤 - 손절(-11.85%)
[2026-02-07 16:55:27.486] ======== [주문 실행] SELL ========
[2026-02-07 16:55:27.491] 대상: 017670, 수량: 2, 단가: 시장가(0)
[2026-02-07 16:55:27.496] API URL: https://openapivts.koreainvestment.com:29443/uapi/domestic-stock/v1/trading/order-cash
[2026-02-07 16:55:28.062] 결과: 실패 (모의투자 영업일이 아닙니다.) [Code: 40100000]
[2026-02-07 16:55:28.064] ========================================
[2026-02-07 16:55:28.665] 모니터링 완료. 대기 중...
[2026-02-07 16:56:28.917] 모니터링 주기 시작...
[2026-02-07 16:56:30.829] 매도 실행: SK하이닉스 - 추세이탈(주의) [점수:6, RSI:58.7, ADX:48.1]
[2026-02-07 16:56:30.830] ======== [주문 실행] SELL ========
[2026-02-07 16:56:30.843] 대상: 000660, 수량: 15, 단가: 시장가(0)
[2026-02-07 16:56:30.852] API URL: https://openapivts.koreainvestment.com:29443/uapi/domestic-stock/v1/trading/order-cash
[2026-02-07 16:56:31.403] 결과: 실패 (모의투자 영업일이 아닙니다.) [Code: 40100000]
[2026-02-07 16:56:31.404] ========================================
[2026-02-07 16:56:31.416] 매도 실행: SK텔레콤 - 손절(-11.85%)
[2026-02-07 16:56:31.427] ======== [주문 실행] SELL ========
[2026-02-07 16:56:31.435] 대상: 017670, 수량: 2, 단가: 시장가(0)
[2026-02-07 16:56:31.445] API URL: https://openapivts.koreainvestment.com:29443/uapi/domestic-stock/v1/trading/order-cash
[2026-02-07 16:56:32.004] 결과: 실패 (모의투자 영업일이 아닙니다.) [Code: 40100000]
[2026-02-07 16:56:32.006] ========================================
[2026-02-07 16:56:32.597] 모니터링 완료. 대기 중...
[2026-02-07 16:58:20.383] 모니터링 주기 시작...
[2026-02-07 16:58:20.384] 시스템 시작
[2026-02-07 16:58:22.339] 매도 실행: SK하이닉스 - 추세이탈(주의) [점수:6, RSI:58.7, ADX:48.1]
[2026-02-07 16:58:22.340] ======== [주문 실행] SELL ========
[2026-02-07 16:58:22.352] 대상: 000660, 수량: 15, 단가: 시장가(0)
[2026-02-07 16:58:22.362] API URL: https://openapivts.koreainvestment.com:29443/uapi/domestic-stock/v1/trading/order-cash
[2026-02-07 16:58:22.894] 결과: 실패 (모의투자 영업일이 아닙니다.) [Code: 40100000]
[2026-02-07 16:58:22.896] ========================================
[2026-02-07 16:58:22.909] 매도 실행: SK텔레콤 - 손절(-11.85%)
[2026-02-07 16:58:22.921] ======== [주문 실행] SELL ========
[2026-02-07 16:58:22.930] 대상: 017670, 수량: 2, 단가: 시장가(0)
[2026-02-07 16:58:22.936] API URL: https://openapivts.koreainvestment.com:29443/uapi/domestic-stock/v1/trading/order-cash
[2026-02-07 16:58:23.494] 결과: 실패 (모의투자 영업일이 아닙니다.) [Code: 40100000]
[2026-02-07 16:58:23.496] ========================================
[2026-02-07 16:58:24.090] 모니터링 완료. 대기 중...
[2026-02-07 16:59:24.292] 모니터링 주기 시작...
[2026-02-07 16:59:26.286] 매도 실행: SK하이닉스 - 추세이탈(주의) [점수:6, RSI:58.7, ADX:48.1]
[2026-02-07 16:59:26.287] ======== [주문 실행] SELL ========
[2026-02-07 16:59:26.299] 대상: 000660, 수량: 15, 단가: 시장가(0)
[2026-02-07 16:59:26.307] API URL: https://openapivts.koreainvestment.com:29443/uapi/domestic-stock/v1/trading/order-cash
[2026-02-07 16:59:26.824] 결과: 실패 (초당 거래건수를 초과하였습니다.) [Code: EGW00201]
[2026-02-07 16:59:26.826] ========================================
[2026-02-07 16:59:26.838] 매도 실행: SK텔레콤 - 손절(-11.85%)
[2026-02-07 16:59:26.843] ======== [주문 실행] SELL ========
[2026-02-07 16:59:26.850] 대상: 017670, 수량: 2, 단가: 시장가(0)
[2026-02-07 16:59:26.858] API URL: https://openapivts.koreainvestment.com:29443/uapi/domestic-stock/v1/trading/order-cash
[2026-02-07 16:59:27.513] 결과: 실패 (모의투자 영업일이 아닙니다.) [Code: 40100000]
[2026-02-07 16:59:27.515] ========================================
[2026-02-07 16:59:28.120] 모니터링 완료. 대기 중...
[2026-02-07 17:00:28.340] 모니터링 주기 시작...
[2026-02-07 17:00:30.320] 매도 실행: SK하이닉스 - 추세이탈(주의) [점수:6, RSI:58.7, ADX:48.1]
[2026-02-07 17:00:30.321] ======== [주문 실행] SELL ========
[2026-02-07 17:00:30.334] 대상: 000660, 수량: 15, 단가: 시장가(0)
[2026-02-07 17:00:30.343] API URL: https://openapivts.koreainvestment.com:29443/uapi/domestic-stock/v1/trading/order-cash
[2026-02-07 17:00:30.878] 결과: 실패 (모의투자 영업일이 아닙니다.) [Code: 40100000]
[2026-02-07 17:00:30.879] ========================================
[2026-02-07 17:00:30.893] 매도 실행: SK텔레콤 - 손절(-11.85%)
[2026-02-07 17:00:30.902] ======== [주문 실행] SELL ========
[2026-02-07 17:00:30.911] 대상: 017670, 수량: 2, 단가: 시장가(0)
[2026-02-07 17:00:30.918] API URL: https://openapivts.koreainvestment.com:29443/uapi/domestic-stock/v1/trading/order-cash
[2026-02-07 17:00:31.473] 결과: 실패 (모의투자 영업일이 아닙니다.) [Code: 40100000]
[2026-02-07 17:00:31.474] ========================================
[2026-02-07 17:00:32.072] 모니터링 완료. 대기 중...
[2026-02-07 17:01:32.270] 모니터링 주기 시작...
[2026-02-07 17:01:34.205] 매도 실행: SK하이닉스 - 추세이탈(주의) [점수:6, RSI:58.7, ADX:48.1]
[2026-02-07 17:01:34.206] ======== [주문 실행] SELL ========
[2026-02-07 17:01:34.218] 대상: 000660, 수량: 15, 단가: 시장가(0)
[2026-02-07 17:01:34.228] API URL: https://openapivts.koreainvestment.com:29443/uapi/domestic-stock/v1/trading/order-cash
[2026-02-07 17:01:34.769] 결과: 실패 (모의투자 영업일이 아닙니다.) [Code: 40100000]
[2026-02-07 17:01:34.770] ========================================
[2026-02-07 17:01:34.783] 매도 실행: SK텔레콤 - 손절(-11.85%)
[2026-02-07 17:01:34.791] ======== [주문 실행] SELL ========
[2026-02-07 17:01:34.800] 대상: 017670, 수량: 2, 단가: 시장가(0)
[2026-02-07 17:01:34.812] API URL: https://openapivts.koreainvestment.com:29443/uapi/domestic-stock/v1/trading/order-cash
[2026-02-07 17:01:35.361] 결과: 실패 (모의투자 영업일이 아닙니다.) [Code: 40100000]
[2026-02-07 17:01:35.362] ========================================
[2026-02-07 17:01:35.956] 모니터링 완료. 대기 중...
[2026-02-07 17:02:36.156] 모니터링 주기 시작...
[2026-02-07 17:02:38.084] 매도 실행: SK하이닉스 - 추세이탈(주의) [점수:6, RSI:58.7, ADX:48.1]
[2026-02-07 17:02:38.086] ======== [주문 실행] SELL ========
[2026-02-07 17:02:38.099] 대상: 000660, 수량: 15, 단가: 시장가(0)
[2026-02-07 17:02:38.109] API URL: https://openapivts.koreainvestment.com:29443/uapi/domestic-stock/v1/trading/order-cash
[2026-02-07 17:02:38.642] 결과: 실패 (모의투자 영업일이 아닙니다.) [Code: 40100000]
[2026-02-07 17:02:38.648] ========================================
[2026-02-07 17:02:38.657] 매도 실행: SK텔레콤 - 손절(-11.85%)
[2026-02-07 17:02:38.666] ======== [주문 실행] SELL ========
[2026-02-07 17:02:38.673] 대상: 017670, 수량: 2, 단가: 시장가(0)
[2026-02-07 17:02:38.682] API URL: https://openapivts.koreainvestment.com:29443/uapi/domestic-stock/v1/trading/order-cash
[2026-02-07 17:02:39.237] 결과: 실패 (모의투자 영업일이 아닙니다.) [Code: 40100000]
[2026-02-07 17:02:39.238] ========================================
[2026-02-07 17:02:39.841] 모니터링 완료. 대기 중...
[2026-02-07 17:04:10.580] 모니터링 주기 시작...
[2026-02-07 17:04:10.581] 시스템 시작
[2026-02-07 17:04:12.564] 매도 실행: SK하이닉스 - 추세이탈(주의) [점수:6, RSI:58.7, ADX:48.1]
[2026-02-07 17:04:12.565] ======== [주문 실행] SELL ========
[2026-02-07 17:04:12.580] 대상: 000660, 수량: 15, 단가: 시장가(0)
[2026-02-07 17:04:12.588] API URL: https://openapivts.koreainvestment.com:29443/uapi/domestic-stock/v1/trading/order-cash
[2026-02-07 17:04:13.119] 결과: 실패 (모의투자 영업일이 아닙니다.) [Code: 40100000]
[2026-02-07 17:04:13.120] ========================================
[2026-02-07 17:04:13.132] 매도 실행: SK텔레콤 - 손절(-11.85%)
[2026-02-07 17:04:13.140] ======== [주문 실행] SELL ========
[2026-02-07 17:04:13.146] 대상: 017670, 수량: 2, 단가: 시장가(0)
[2026-02-07 17:04:13.154] API URL: https://openapivts.koreainvestment.com:29443/uapi/domestic-stock/v1/trading/order-cash
[2026-02-07 17:04:13.714] 결과: 실패 (모의투자 영업일이 아닙니다.) [Code: 40100000]
[2026-02-07 17:04:13.716] ========================================
[2026-02-07 17:04:14.313] 모니터링 완료. 대기 중...
[2026-02-07 17:05:14.527] 모니터링 주기 시작...
[2026-02-07 17:05:16.486] 매도 실행: SK하이닉스 - 추세이탈(주의) [점수:6, RSI:58.7, ADX:48.1]
[2026-02-07 17:05:16.487] ======== [주문 실행] SELL ========
[2026-02-07 17:05:16.499] 대상: 000660, 수량: 15, 단가: 시장가(0)
[2026-02-07 17:05:16.508] API URL: https://openapivts.koreainvestment.com:29443/uapi/domestic-stock/v1/trading/order-cash
[2026-02-07 17:05:17.042] 결과: 실패 (모의투자 영업일이 아닙니다.) [Code: 40100000]
[2026-02-07 17:05:17.044] ========================================
[2026-02-07 17:05:17.056] 매도 실행: SK텔레콤 - 손절(-11.85%)
[2026-02-07 17:05:17.065] ======== [주문 실행] SELL ========
[2026-02-07 17:05:17.072] 대상: 017670, 수량: 2, 단가: 시장가(0)
[2026-02-07 17:05:17.081] API URL: https://openapivts.koreainvestment.com:29443/uapi/domestic-stock/v1/trading/order-cash
[2026-02-07 17:05:17.633] 결과: 실패 (모의투자 영업일이 아닙니다.) [Code: 40100000]
[2026-02-07 17:05:17.635] ========================================
[2026-02-07 17:05:18.234] 모니터링 완료. 대기 중...
[2026-02-07 17:06:28.473] 모니터링 주기 시작...
[2026-02-07 17:06:28.474] 시스템 시작
[2026-02-07 17:06:30.424] 매도 실행: SK하이닉스 - 추세이탈(주의) [점수:6, RSI:58.7, ADX:48.1]
[2026-02-07 17:06:30.425] ======== [주문 실행] SELL ========
[2026-02-07 17:06:30.437] 대상: 000660, 수량: 15, 단가: 시장가(0)
[2026-02-07 17:06:30.446] API URL: https://openapivts.koreainvestment.com:29443/uapi/domestic-stock/v1/trading/order-cash
[2026-02-07 17:06:30.985] 결과: 실패 (모의투자 영업일이 아닙니다.) [Code: 40100000]
[2026-02-07 17:06:30.987] ========================================
[2026-02-07 17:06:31.001] 매도 실행: SK텔레콤 - 손절(-11.85%)
[2026-02-07 17:06:31.010] ======== [주문 실행] SELL ========
[2026-02-07 17:06:31.018] 대상: 017670, 수량: 2, 단가: 시장가(0)
[2026-02-07 17:06:31.027] API URL: https://openapivts.koreainvestment.com:29443/uapi/domestic-stock/v1/trading/order-cash
[2026-02-07 17:06:31.585] 결과: 실패 (모의투자 영업일이 아닙니다.) [Code: 40100000]
[2026-02-07 17:06:31.587] ========================================
[2026-02-07 17:06:32.183] 모니터링 완료. 대기 중...
[2026-02-07 17:07:32.423] 모니터링 주기 시작...
[2026-02-07 17:07:34.370] 매도 실행: SK하이닉스 - 추세이탈(주의) [점수:6, RSI:58.7, ADX:48.1]
[2026-02-07 17:07:34.371] ======== [주문 실행] SELL ========
[2026-02-07 17:07:34.385] 대상: 000660, 수량: 15, 단가: 시장가(0)
[2026-02-07 17:07:34.393] API URL: https://openapivts.koreainvestment.com:29443/uapi/domestic-stock/v1/trading/order-cash
[2026-02-07 17:07:34.920] 결과: 실패 (모의투자 영업일이 아닙니다.) [Code: 40100000]
[2026-02-07 17:07:34.921] ========================================
[2026-02-07 17:07:34.935] 매도 실행: SK텔레콤 - 손절(-11.85%)
[2026-02-07 17:07:34.945] ======== [주문 실행] SELL ========
[2026-02-07 17:07:34.953] 대상: 017670, 수량: 2, 단가: 시장가(0)
[2026-02-07 17:07:34.960] API URL: https://openapivts.koreainvestment.com:29443/uapi/domestic-stock/v1/trading/order-cash
[2026-02-07 17:07:35.517] 결과: 실패 (모의투자 영업일이 아닙니다.) [Code: 40100000]
[2026-02-07 17:07:35.518] ========================================
[2026-02-07 17:07:36.116] 모니터링 완료. 대기 중...
[2026-02-07 17:08:36.316] 모니터링 주기 시작...
[2026-02-07 17:08:38.261] 매도 실행: SK하이닉스 - 추세이탈(주의) [점수:6, RSI:58.7, ADX:48.1]
[2026-02-07 17:08:38.262] ======== [주문 실행] SELL ========
[2026-02-07 17:08:38.276] 대상: 000660, 수량: 15, 단가: 시장가(0)
[2026-02-07 17:08:38.284] API URL: https://openapivts.koreainvestment.com:29443/uapi/domestic-stock/v1/trading/order-cash
[2026-02-07 17:08:38.812] 결과: 실패 (모의투자 영업일이 아닙니다.) [Code: 40100000]
[2026-02-07 17:08:38.819] ========================================
[2026-02-07 17:08:38.832] 매도 실행: SK텔레콤 - 손절(-11.85%)
[2026-02-07 17:08:38.838] ======== [주문 실행] SELL ========
[2026-02-07 17:08:38.847] 대상: 017670, 수량: 2, 단가: 시장가(0)
[2026-02-07 17:08:38.855] API URL: https://openapivts.koreainvestment.com:29443/uapi/domestic-stock/v1/trading/order-cash
[2026-02-07 17:08:39.407] 결과: 실패 (모의투자 영업일이 아닙니다.) [Code: 40100000]
[2026-02-07 17:08:39.408] ========================================
[2026-02-07 17:08:40.007] 모니터링 완료. 대기 중...
[2026-02-07 17:09:40.225] 모니터링 주기 시작...
[2026-02-07 17:09:42.175] 매도 실행: SK하이닉스 - 추세이탈(주의) [점수:6, RSI:58.7, ADX:48.1]
[2026-02-07 17:09:42.176] ======== [주문 실행] SELL ========
[2026-02-07 17:09:42.190] 대상: 000660, 수량: 15, 단가: 시장가(0)
[2026-02-07 17:09:42.195] API URL: https://openapivts.koreainvestment.com:29443/uapi/domestic-stock/v1/trading/order-cash
[2026-02-07 17:09:42.733] 결과: 실패 (모의투자 영업일이 아닙니다.) [Code: 40100000]
[2026-02-07 17:09:42.742] ========================================
[2026-02-07 17:09:42.752] 매도 실행: SK텔레콤 - 손절(-11.85%)
[2026-02-07 17:09:42.761] ======== [주문 실행] SELL ========
[2026-02-07 17:09:42.769] 대상: 017670, 수량: 2, 단가: 시장가(0)
[2026-02-07 17:09:42.778] API URL: https://openapivts.koreainvestment.com:29443/uapi/domestic-stock/v1/trading/order-cash
[2026-02-07 17:09:43.327] 결과: 실패 (모의투자 영업일이 아닙니다.) [Code: 40100000]
[2026-02-07 17:09:43.328] ========================================
[2026-02-07 17:09:43.927] 모니터링 완료. 대기 중...
[2026-02-07 17:11:12.246] 모니터링 주기 시작...
[2026-02-07 17:11:12.247] 시스템 시작
[2026-02-07 17:11:14.183] 매도 실행: SK하이닉스 - 추세이탈(주의) [점수:6, RSI:58.7, ADX:48.1]
[2026-02-07 17:11:14.184] ======== [주문 실행] SELL ========
[2026-02-07 17:11:14.196] 대상: 000660, 수량: 15, 단가: 시장가(0)
[2026-02-07 17:11:14.205] API URL: https://openapivts.koreainvestment.com:29443/uapi/domestic-stock/v1/trading/order-cash
[2026-02-07 17:11:14.745] 결과: 실패 (모의투자 영업일이 아닙니다.) [Code: 40100000]
[2026-02-07 17:11:14.755] ========================================
[2026-02-07 17:11:14.766] 매도 실행: SK텔레콤 - 손절(-11.85%)
[2026-02-07 17:11:14.774] ======== [주문 실행] SELL ========
[2026-02-07 17:11:14.781] 대상: 017670, 수량: 2, 단가: 시장가(0)
[2026-02-07 17:11:14.788] API URL: https://openapivts.koreainvestment.com:29443/uapi/domestic-stock/v1/trading/order-cash
[2026-02-07 17:11:15.347] 결과: 실패 (모의투자 영업일이 아닙니다.) [Code: 40100000]
[2026-02-07 17:11:15.349] ========================================
[2026-02-07 17:11:15.952] 모니터링 완료. 대기 중...
[2026-02-07 17:12:16.188] 모니터링 주기 시작...
[2026-02-07 17:12:18.133] 매도 실행: SK하이닉스 - 추세이탈(주의) [점수:6, RSI:58.7, ADX:48.1]
[2026-02-07 17:12:18.134] ======== [주문 실행] SELL ========
[2026-02-07 17:12:18.148] 대상: 000660, 수량: 15, 단가: 시장가(0)
[2026-02-07 17:12:18.155] API URL: https://openapivts.koreainvestment.com:29443/uapi/domestic-stock/v1/trading/order-cash
[2026-02-07 17:12:18.737] 결과: 실패 (모의투자 영업일이 아닙니다.) [Code: 40100000]
[2026-02-07 17:12:18.746] ========================================
[2026-02-07 17:12:18.759] 매도 실행: SK텔레콤 - 손절(-11.85%)
[2026-02-07 17:12:18.766] ======== [주문 실행] SELL ========
[2026-02-07 17:12:18.773] 대상: 017670, 수량: 2, 단가: 시장가(0)
[2026-02-07 17:12:18.779] API URL: https://openapivts.koreainvestment.com:29443/uapi/domestic-stock/v1/trading/order-cash
[2026-02-07 17:12:19.337] 결과: 실패 (모의투자 영업일이 아닙니다.) [Code: 40100000]
[2026-02-07 17:12:19.339] ========================================
[2026-02-07 17:12:19.937] 모니터링 완료. 대기 중...
[2026-02-07 17:13:20.167] 모니터링 주기 시작...
[2026-02-07 17:13:22.110] 매도 실행: SK하이닉스 - 추세이탈(주의) [점수:6, RSI:58.7, ADX:48.1]
[2026-02-07 17:13:22.111] ======== [주문 실행] SELL ========
[2026-02-07 17:13:22.124] 대상: 000660, 수량: 15, 단가: 시장가(0)
[2026-02-07 17:13:22.132] API URL: https://openapivts.koreainvestment.com:29443/uapi/domestic-stock/v1/trading/order-cash
[2026-02-07 17:13:22.716] 결과: 실패 (모의투자 영업일이 아닙니다.) [Code: 40100000]
[2026-02-07 17:13:22.725] ========================================
[2026-02-07 17:13:22.735] 매도 실행: SK텔레콤 - 손절(-11.85%)
[2026-02-07 17:13:22.742] ======== [주문 실행] SELL ========
[2026-02-07 17:13:22.750] 대상: 017670, 수량: 2, 단가: 시장가(0)
[2026-02-07 17:13:22.757] API URL: https://openapivts.koreainvestment.com:29443/uapi/domestic-stock/v1/trading/order-cash
[2026-02-07 17:13:23.314] 결과: 실패 (모의투자 영업일이 아닙니다.) [Code: 40100000]
[2026-02-07 17:13:23.316] ========================================
[2026-02-07 17:13:23.911] 모니터링 완료. 대기 중...
[2026-02-07 17:14:24.127] 모니터링 주기 시작...
[2026-02-07 17:14:26.063] 매도 실행: SK하이닉스 - 추세이탈(주의) [점수:6, RSI:58.7, ADX:48.1]
[2026-02-07 17:14:26.064] ======== [주문 실행] SELL ========
[2026-02-07 17:14:26.079] 대상: 000660, 수량: 15, 단가: 시장가(0)
[2026-02-07 17:14:26.087] API URL: https://openapivts.koreainvestment.com:29443/uapi/domestic-stock/v1/trading/order-cash
[2026-02-07 17:14:26.623] 결과: 실패 (모의투자 영업일이 아닙니다.) [Code: 40100000]
[2026-02-07 17:14:26.632] ========================================
[2026-02-07 17:14:26.643] 매도 실행: SK텔레콤 - 손절(-11.85%)
[2026-02-07 17:14:26.650] ======== [주문 실행] SELL ========
[2026-02-07 17:14:26.657] 대상: 017670, 수량: 2, 단가: 시장가(0)
[2026-02-07 17:14:26.665] API URL: https://openapivts.koreainvestment.com:29443/uapi/domestic-stock/v1/trading/order-cash
[2026-02-07 17:14:27.222] 결과: 실패 (모의투자 영업일이 아닙니다.) [Code: 40100000]
[2026-02-07 17:14:27.224] ========================================
[2026-02-07 17:14:27.820] 모니터링 완료. 대기 중...
[2026-02-07 17:15:03.957] 시스템 중단
[2026-02-07 17:16:25.073] 모니터링 주기 시작...
[2026-02-07 17:16:25.075] 시스템 시작
[2026-02-07 17:16:27.024] 매도 실행: SK하이닉스 - 추세이탈(주의) [점수:6, RSI:58.7, ADX:48.1]
[2026-02-07 17:16:27.025] ======== [주문 실행] SELL ========
[2026-02-07 17:16:27.038] 대상: 000660, 수량: 15, 단가: 시장가(0)
[2026-02-07 17:16:27.046] API URL: https://openapivts.koreainvestment.com:29443/uapi/domestic-stock/v1/trading/order-cash
[2026-02-07 17:16:27.590] 결과: 실패 (모의투자 영업일이 아닙니다.) [Code: 40100000]
[2026-02-07 17:16:27.599] ========================================
[2026-02-07 17:16:27.611] 매도 실행: SK텔레콤 - 손절(-11.85%)
[2026-02-07 17:16:27.618] ======== [주문 실행] SELL ========
[2026-02-07 17:16:27.624] 대상: 017670, 수량: 2, 단가: 시장가(0)
[2026-02-07 17:16:27.631] API URL: https://openapivts.koreainvestment.com:29443/uapi/domestic-stock/v1/trading/order-cash
[2026-02-07 17:16:28.181] 결과: 실패 (모의투자 영업일이 아닙니다.) [Code: 40100000]
[2026-02-07 17:16:28.182] ========================================
[2026-02-07 17:16:28.773] 모니터링 완료. 대기 중...
[2026-02-07 17:17:28.987] 모니터링 주기 시작...
[2026-02-07 17:17:30.926] 매도 실행: SK하이닉스 - 추세이탈(주의) [점수:6, RSI:58.7, ADX:48.1]
[2026-02-07 17:17:30.927] ======== [주문 실행] SELL ========
[2026-02-07 17:17:30.937] 대상: 000660, 수량: 15, 단가: 시장가(0)
[2026-02-07 17:17:30.946] API URL: https://openapivts.koreainvestment.com:29443/uapi/domestic-stock/v1/trading/order-cash
[2026-02-07 17:17:31.534] 결과: 실패 (모의투자 영업일이 아닙니다.) [Code: 40100000]
[2026-02-07 17:17:31.535] ========================================
[2026-02-07 17:17:31.547] 매도 실행: SK텔레콤 - 손절(-11.85%)
[2026-02-07 17:17:31.554] ======== [주문 실행] SELL ========
[2026-02-07 17:17:31.564] 대상: 017670, 수량: 2, 단가: 시장가(0)
[2026-02-07 17:17:31.574] API URL: https://openapivts.koreainvestment.com:29443/uapi/domestic-stock/v1/trading/order-cash
[2026-02-07 17:17:32.133] 결과: 실패 (모의투자 영업일이 아닙니다.) [Code: 40100000]
[2026-02-07 17:17:32.134] ========================================
[2026-02-07 17:17:32.730] 모니터링 완료. 대기 중...
[2026-02-07 17:18:32.971] 모니터링 주기 시작...
[2026-02-07 17:18:34.928] 매도 실행: SK하이닉스 - 추세이탈(주의) [점수:6, RSI:58.7, ADX:48.1]
[2026-02-07 17:18:34.929] ======== [주문 실행] SELL ========
[2026-02-07 17:18:34.939] 대상: 000660, 수량: 15, 단가: 시장가(0)
[2026-02-07 17:18:34.949] API URL: https://openapivts.koreainvestment.com:29443/uapi/domestic-stock/v1/trading/order-cash
[2026-02-07 17:18:35.499] 결과: 실패 (모의투자 영업일이 아닙니다.) [Code: 40100000]
[2026-02-07 17:18:35.500] ========================================
[2026-02-07 17:18:35.513] 매도 실행: SK텔레콤 - 손절(-11.85%)
[2026-02-07 17:18:35.521] ======== [주문 실행] SELL ========
[2026-02-07 17:18:35.532] 대상: 017670, 수량: 2, 단가: 시장가(0)
[2026-02-07 17:18:35.541] API URL: https://openapivts.koreainvestment.com:29443/uapi/domestic-stock/v1/trading/order-cash
[2026-02-07 17:18:36.095] 결과: 실패 (모의투자 영업일이 아닙니다.) [Code: 40100000]
[2026-02-07 17:18:36.097] ========================================
[2026-02-07 17:18:36.690] 모니터링 완료. 대기 중...
[2026-02-07 17:19:42.821] 모니터링 주기 시작...
[2026-02-07 17:19:42.822] 시스템 시작
[2026-02-07 17:19:44.789] 매도 실행: SK하이닉스 - 추세이탈(주의) [점수:6, RSI:58.7, ADX:48.1]
[2026-02-07 17:19:44.790] ======== [주문 실행] SELL ========
[2026-02-07 17:19:44.802] 대상: 000660, 수량: 15, 단가: 시장가(0)
[2026-02-07 17:19:44.809] API URL: https://openapivts.koreainvestment.com:29443/uapi/domestic-stock/v1/trading/order-cash
[2026-02-07 17:19:45.348] 결과: 실패 (모의투자 영업일이 아닙니다.) [Code: 40100000]
[2026-02-07 17:19:45.349] ========================================
[2026-02-07 17:19:45.359] 매도 실행: SK텔레콤 - 손절(-11.85%)
[2026-02-07 17:19:45.370] ======== [주문 실행] SELL ========
[2026-02-07 17:19:45.377] 대상: 017670, 수량: 2, 단가: 시장가(0)
[2026-02-07 17:19:45.383] API URL: https://openapivts.koreainvestment.com:29443/uapi/domestic-stock/v1/trading/order-cash
[2026-02-07 17:19:45.943] 결과: 실패 (모의투자 영업일이 아닙니다.) [Code: 40100000]
[2026-02-07 17:19:45.945] ========================================
[2026-02-07 17:19:46.541] 모니터링 완료. 대기 중...
[2026-02-07 17:19:55.583] 시스템 중단
[2026-02-07 17:20:03.588] 모니터링 주기 시작...
[2026-02-07 17:20:03.589] 시스템 시작
[2026-02-07 17:20:05.525] 매도 실행: SK하이닉스 - 추세이탈(주의) [점수:6, RSI:58.7, ADX:48.1]
[2026-02-07 17:20:05.526] ======== [주문 실행] SELL ========
[2026-02-07 17:20:05.540] 대상: 000660, 수량: 15, 단가: 시장가(0)
[2026-02-07 17:20:05.548] API URL: https://openapivts.koreainvestment.com:29443/uapi/domestic-stock/v1/trading/order-cash
[2026-02-07 17:20:06.100] 결과: 실패 (모의투자 영업일이 아닙니다.) [Code: 40100000]
[2026-02-07 17:20:06.110] ========================================
[2026-02-07 17:20:06.121] 매도 실행: SK텔레콤 - 손절(-11.85%)
[2026-02-07 17:20:06.129] ======== [주문 실행] SELL ========
[2026-02-07 17:20:06.135] 대상: 017670, 수량: 2, 단가: 시장가(0)
[2026-02-07 17:20:06.141] API URL: https://openapivts.koreainvestment.com:29443/uapi/domestic-stock/v1/trading/order-cash
[2026-02-07 17:20:06.689] 결과: 실패 (모의투자 영업일이 아닙니다.) [Code: 40100000]
[2026-02-07 17:20:06.690] ========================================
[2026-02-07 17:20:07.292] 모니터링 완료. 대기 중...
[2026-02-07 17:21:07.517] 모니터링 주기 시작...
[2026-02-07 17:21:09.491] 매도 실행: SK하이닉스 - 추세이탈(주의) [점수:6, RSI:58.7, ADX:48.1]
[2026-02-07 17:21:09.493] ======== [주문 실행] SELL ========
[2026-02-07 17:21:09.506] 대상: 000660, 수량: 15, 단가: 시장가(0)
[2026-02-07 17:21:09.515] API URL: https://openapivts.koreainvestment.com:29443/uapi/domestic-stock/v1/trading/order-cash
[2026-02-07 17:21:10.062] 결과: 실패 (모의투자 영업일이 아닙니다.) [Code: 40100000]
[2026-02-07 17:21:10.071] ========================================
[2026-02-07 17:21:10.081] 매도 실행: SK텔레콤 - 손절(-11.85%)
[2026-02-07 17:21:10.089] ======== [주문 실행] SELL ========
[2026-02-07 17:21:10.096] 대상: 017670, 수량: 2, 단가: 시장가(0)
[2026-02-07 17:21:10.103] API URL: https://openapivts.koreainvestment.com:29443/uapi/domestic-stock/v1/trading/order-cash
[2026-02-07 17:21:10.658] 결과: 실패 (모의투자 영업일이 아닙니다.) [Code: 40100000]
[2026-02-07 17:21:10.660] ========================================
[2026-02-07 17:21:11.256] 모니터링 완료. 대기 중...
[2026-02-07 17:22:11.489] 모니터링 주기 시작...
[2026-02-07 17:22:13.442] 매도 실행: SK하이닉스 - 추세이탈(주의) [점수:6, RSI:58.7, ADX:48.1]
[2026-02-07 17:22:13.444] ======== [주문 실행] SELL ========
[2026-02-07 17:22:13.455] 대상: 000660, 수량: 15, 단가: 시장가(0)
[2026-02-07 17:22:13.467] API URL: https://openapivts.koreainvestment.com:29443/uapi/domestic-stock/v1/trading/order-cash
[2026-02-07 17:22:14.012] 결과: 실패 (모의투자 영업일이 아닙니다.) [Code: 40100000]
[2026-02-07 17:22:14.013] ========================================
[2026-02-07 17:22:14.023] 매도 실행: SK텔레콤 - 손절(-11.85%)
[2026-02-07 17:22:14.032] ======== [주문 실행] SELL ========
[2026-02-07 17:22:14.043] 대상: 017670, 수량: 2, 단가: 시장가(0)
[2026-02-07 17:22:14.053] API URL: https://openapivts.koreainvestment.com:29443/uapi/domestic-stock/v1/trading/order-cash
[2026-02-07 17:22:14.609] 결과: 실패 (모의투자 영업일이 아닙니다.) [Code: 40100000]
[2026-02-07 17:22:14.610] ========================================
[2026-02-07 17:22:15.207] 모니터링 완료. 대기 중...
[2026-02-07 17:23:15.422] 모니터링 주기 시작...
[2026-02-07 17:23:17.375] 매도 실행: SK하이닉스 - 추세이탈(주의) [점수:6, RSI:58.7, ADX:48.1]
[2026-02-07 17:23:17.376] ======== [주문 실행] SELL ========
[2026-02-07 17:23:17.389] 대상: 000660, 수량: 15, 단가: 시장가(0)
[2026-02-07 17:23:17.393] API URL: https://openapivts.koreainvestment.com:29443/uapi/domestic-stock/v1/trading/order-cash
[2026-02-07 17:23:17.936] 결과: 실패 (모의투자 영업일이 아닙니다.) [Code: 40100000]
[2026-02-07 17:23:17.937] ========================================
[2026-02-07 17:23:17.949] 매도 실행: SK텔레콤 - 손절(-11.85%)
[2026-02-07 17:23:17.958] ======== [주문 실행] SELL ========
[2026-02-07 17:23:17.965] 대상: 017670, 수량: 2, 단가: 시장가(0)
[2026-02-07 17:23:17.973] API URL: https://openapivts.koreainvestment.com:29443/uapi/domestic-stock/v1/trading/order-cash
[2026-02-07 17:23:18.530] 결과: 실패 (모의투자 영업일이 아닙니다.) [Code: 40100000]
[2026-02-07 17:23:18.532] ========================================
[2026-02-07 17:23:19.125] 모니터링 완료. 대기 중...
[2026-02-07 17:24:19.325] 모니터링 주기 시작...
[2026-02-07 17:24:21.287] 매도 실행: SK하이닉스 - 추세이탈(주의) [점수:6, RSI:58.7, ADX:48.1]
[2026-02-07 17:24:21.288] ======== [주문 실행] SELL ========
[2026-02-07 17:24:21.301] 대상: 000660, 수량: 15, 단가: 시장가(0)
[2026-02-07 17:24:21.312] API URL: https://openapivts.koreainvestment.com:29443/uapi/domestic-stock/v1/trading/order-cash
[2026-02-07 17:24:21.872] 결과: 실패 (모의투자 영업일이 아닙니다.) [Code: 40100000]
[2026-02-07 17:24:21.873] ========================================
[2026-02-07 17:24:21.886] 매도 실행: SK텔레콤 - 손절(-11.85%)
[2026-02-07 17:24:21.899] ======== [주문 실행] SELL ========
[2026-02-07 17:24:21.911] 대상: 017670, 수량: 2, 단가: 시장가(0)
[2026-02-07 17:24:21.921] API URL: https://openapivts.koreainvestment.com:29443/uapi/domestic-stock/v1/trading/order-cash
[2026-02-07 17:24:22.470] 결과: 실패 (모의투자 영업일이 아닙니다.) [Code: 40100000]
[2026-02-07 17:24:22.471] ========================================
[2026-02-07 17:24:23.071] 모니터링 완료. 대기 중...
[2026-02-07 17:25:23.275] 모니터링 주기 시작...
[2026-02-07 17:25:25.233] 매도 실행: SK하이닉스 - 추세이탈(주의) [점수:6, RSI:58.7, ADX:48.1]
[2026-02-07 17:25:25.234] ======== [주문 실행] SELL ========
[2026-02-07 17:25:25.246] 대상: 000660, 수량: 15, 단가: 시장가(0)
[2026-02-07 17:25:25.254] API URL: https://openapivts.koreainvestment.com:29443/uapi/domestic-stock/v1/trading/order-cash
[2026-02-07 17:25:25.785] 결과: 실패 (모의투자 영업일이 아닙니다.) [Code: 40100000]
[2026-02-07 17:25:25.791] ========================================
[2026-02-07 17:25:25.799] 매도 실행: SK텔레콤 - 손절(-11.85%)
[2026-02-07 17:25:25.810] ======== [주문 실행] SELL ========
[2026-02-07 17:25:25.817] 대상: 017670, 수량: 2, 단가: 시장가(0)
[2026-02-07 17:25:25.828] API URL: https://openapivts.koreainvestment.com:29443/uapi/domestic-stock/v1/trading/order-cash
[2026-02-07 17:25:26.378] 결과: 실패 (모의투자 영업일이 아닙니다.) [Code: 40100000]
[2026-02-07 17:25:26.379] ========================================
[2026-02-07 17:25:26.990] 모니터링 완료. 대기 중...
[2026-02-07 17:26:27.229] 모니터링 주기 시작...
[2026-02-07 17:26:29.177] 매도 실행: SK하이닉스 - 추세이탈(주의) [점수:6, RSI:58.7, ADX:48.1]
[2026-02-07 17:26:29.178] ======== [주문 실행] SELL ========
[2026-02-07 17:26:29.188] 대상: 000660, 수량: 15, 단가: 시장가(0)
[2026-02-07 17:26:29.194] API URL: https://openapivts.koreainvestment.com:29443/uapi/domestic-stock/v1/trading/order-cash
[2026-02-07 17:26:29.738] 결과: 실패 (모의투자 영업일이 아닙니다.) [Code: 40100000]
[2026-02-07 17:26:29.739] ========================================
[2026-02-07 17:26:29.753] 매도 실행: SK텔레콤 - 손절(-11.85%)
[2026-02-07 17:26:29.763] ======== [주문 실행] SELL ========
[2026-02-07 17:26:29.771] 대상: 017670, 수량: 2, 단가: 시장가(0)
[2026-02-07 17:26:29.778] API URL: https://openapivts.koreainvestment.com:29443/uapi/domestic-stock/v1/trading/order-cash
[2026-02-07 17:26:30.334] 결과: 실패 (모의투자 영업일이 아닙니다.) [Code: 40100000]
[2026-02-07 17:26:30.336] ========================================
[2026-02-07 17:26:30.943] 모니터링 완료. 대기 중...
[2026-02-07 17:27:31.170] 모니터링 주기 시작...
[2026-02-07 17:27:33.132] 매도 실행: SK하이닉스 - 추세이탈(주의) [점수:6, RSI:58.7, ADX:48.1]
[2026-02-07 17:27:33.133] ======== [주문 실행] SELL ========
[2026-02-07 17:27:33.144] 대상: 000660, 수량: 15, 단가: 시장가(0)
[2026-02-07 17:27:33.156] API URL: https://openapivts.koreainvestment.com:29443/uapi/domestic-stock/v1/trading/order-cash
[2026-02-07 17:27:33.686] 결과: 실패 (모의투자 영업일이 아닙니다.) [Code: 40100000]
[2026-02-07 17:27:33.688] ========================================
[2026-02-07 17:27:33.700] 매도 실행: SK텔레콤 - 손절(-11.85%)
[2026-02-07 17:27:33.711] ======== [주문 실행] SELL ========
[2026-02-07 17:27:33.720] 대상: 017670, 수량: 2, 단가: 시장가(0)
[2026-02-07 17:27:33.729] API URL: https://openapivts.koreainvestment.com:29443/uapi/domestic-stock/v1/trading/order-cash
[2026-02-07 17:27:34.275] 결과: 실패 (모의투자 영업일이 아닙니다.) [Code: 40100000]
[2026-02-07 17:27:34.276] ========================================
[2026-02-07 17:27:34.874] 모니터링 완료. 대기 중...
[2026-02-07 17:28:35.097] 모니터링 주기 시작...
[2026-02-07 17:28:37.044] 매도 실행: SK하이닉스 - 추세이탈(주의) [점수:6, RSI:58.7, ADX:48.1]
[2026-02-07 17:28:37.045] ======== [주문 실행] SELL ========
[2026-02-07 17:28:37.059] 대상: 000660, 수량: 15, 단가: 시장가(0)
[2026-02-07 17:28:37.068] API URL: https://openapivts.koreainvestment.com:29443/uapi/domestic-stock/v1/trading/order-cash
[2026-02-07 17:28:37.597] 결과: 실패 (모의투자 영업일이 아닙니다.) [Code: 40100000]
[2026-02-07 17:28:37.598] ========================================
[2026-02-07 17:28:37.612] 매도 실행: SK텔레콤 - 손절(-11.85%)
[2026-02-07 17:28:37.622] ======== [주문 실행] SELL ========
[2026-02-07 17:28:37.632] 대상: 017670, 수량: 2, 단가: 시장가(0)
[2026-02-07 17:28:37.638] API URL: https://openapivts.koreainvestment.com:29443/uapi/domestic-stock/v1/trading/order-cash
[2026-02-07 17:28:38.192] 결과: 실패 (모의투자 영업일이 아닙니다.) [Code: 40100000]
[2026-02-07 17:28:38.194] ========================================
[2026-02-07 17:28:38.789] 모니터링 완료. 대기 중...
[2026-02-07 17:29:39.047] 모니터링 주기 시작...
[2026-02-07 17:29:40.976] 매도 실행: SK하이닉스 - 추세이탈(주의) [점수:6, RSI:58.7, ADX:48.1]
[2026-02-07 17:29:40.977] ======== [주문 실행] SELL ========
[2026-02-07 17:29:40.988] 대상: 000660, 수량: 15, 단가: 시장가(0)
[2026-02-07 17:29:41.001] API URL: https://openapivts.koreainvestment.com:29443/uapi/domestic-stock/v1/trading/order-cash
[2026-02-07 17:29:41.574] 결과: 실패 (모의투자 영업일이 아닙니다.) [Code: 40100000]
[2026-02-07 17:29:41.575] ========================================
[2026-02-07 17:29:41.587] 매도 실행: SK텔레콤 - 손절(-11.85%)
[2026-02-07 17:29:41.598] ======== [주문 실행] SELL ========
[2026-02-07 17:29:41.615] 대상: 017670, 수량: 2, 단가: 시장가(0)
[2026-02-07 17:29:41.624] API URL: https://openapivts.koreainvestment.com:29443/uapi/domestic-stock/v1/trading/order-cash
[2026-02-07 17:29:42.172] 결과: 실패 (모의투자 영업일이 아닙니다.) [Code: 40100000]
[2026-02-07 17:29:42.173] ========================================
[2026-02-07 17:29:42.773] 모니터링 완료. 대기 중...
[2026-02-07 17:30:16.056] 모니터링 주기 시작...
[2026-02-07 17:30:16.057] 시스템 시작
[2026-02-07 17:30:18.021] 매도 실행: SK하이닉스 - 추세이탈(주의) [점수:6, RSI:58.7, ADX:48.1]
[2026-02-07 17:30:18.022] ======== [주문 실행] SELL ========
[2026-02-07 17:30:18.034] 대상: 000660, 수량: 15, 단가: 시장가(0)
[2026-02-07 17:30:18.038] API URL: https://openapivts.koreainvestment.com:29443/uapi/domestic-stock/v1/trading/order-cash
[2026-02-07 17:30:18.633] 결과: 실패 (모의투자 영업일이 아닙니다.) [Code: 40100000]
[2026-02-07 17:30:18.641] ========================================
[2026-02-07 17:30:18.649] 매도 실행: SK텔레콤 - 손절(-11.85%)
[2026-02-07 17:30:18.656] ======== [주문 실행] SELL ========
[2026-02-07 17:30:18.662] 대상: 017670, 수량: 2, 단가: 시장가(0)
[2026-02-07 17:30:18.668] API URL: https://openapivts.koreainvestment.com:29443/uapi/domestic-stock/v1/trading/order-cash
[2026-02-07 17:30:19.233] 결과: 실패 (모의투자 영업일이 아닙니다.) [Code: 40100000]
[2026-02-07 17:30:19.234] ========================================
[2026-02-07 17:30:20.440] 모니터링 완료. 대기 중...
[2026-02-07 17:31:20.684] 모니터링 주기 시작...
[2026-02-07 17:31:22.633] 매도 실행: SK하이닉스 - 추세이탈(주의) [점수:6, RSI:58.7, ADX:48.1]
[2026-02-07 17:31:22.634] ======== [주문 실행] SELL ========
[2026-02-07 17:31:22.647] 대상: 000660, 수량: 15, 단가: 시장가(0)
[2026-02-07 17:31:22.652] API URL: https://openapivts.koreainvestment.com:29443/uapi/domestic-stock/v1/trading/order-cash
[2026-02-07 17:31:23.193] 결과: 실패 (모의투자 영업일이 아닙니다.) [Code: 40100000]
[2026-02-07 17:31:23.201] ========================================
[2026-02-07 17:31:23.210] 매도 실행: SK텔레콤 - 손절(-11.85%)
[2026-02-07 17:31:23.218] ======== [주문 실행] SELL ========
[2026-02-07 17:31:23.226] 대상: 017670, 수량: 2, 단가: 시장가(0)
[2026-02-07 17:31:23.233] API URL: https://openapivts.koreainvestment.com:29443/uapi/domestic-stock/v1/trading/order-cash
[2026-02-07 17:31:23.790] 결과: 실패 (모의투자 영업일이 아닙니다.) [Code: 40100000]
[2026-02-07 17:31:23.792] ========================================
[2026-02-07 17:31:25.000] 모니터링 완료. 대기 중...
[2026-02-07 17:32:25.223] 모니터링 주기 시작...
[2026-02-07 17:32:27.161] 매도 실행: SK하이닉스 - 추세이탈(주의) [점수:6, RSI:58.7, ADX:48.1]
[2026-02-07 17:32:27.162] ======== [주문 실행] SELL ========
[2026-02-07 17:32:27.175] 대상: 000660, 수량: 15, 단가: 시장가(0)
[2026-02-07 17:32:27.184] API URL: https://openapivts.koreainvestment.com:29443/uapi/domestic-stock/v1/trading/order-cash
[2026-02-07 17:32:27.766] 결과: 실패 (모의투자 영업일이 아닙니다.) [Code: 40100000]
[2026-02-07 17:32:27.773] ========================================
[2026-02-07 17:32:27.784] 매도 실행: SK텔레콤 - 손절(-11.85%)
[2026-02-07 17:32:27.793] ======== [주문 실행] SELL ========
[2026-02-07 17:32:27.800] 대상: 017670, 수량: 2, 단가: 시장가(0)
[2026-02-07 17:32:27.809] API URL: https://openapivts.koreainvestment.com:29443/uapi/domestic-stock/v1/trading/order-cash
[2026-02-07 17:32:28.365] 결과: 실패 (모의투자 영업일이 아닙니다.) [Code: 40100000]
[2026-02-07 17:32:28.366] ========================================
[2026-02-07 17:32:29.560] 모니터링 완료. 대기 중...
[2026-02-07 17:33:06.658] 모니터링 주기 시작...
[2026-02-07 17:33:06.659] 시스템 시작
[2026-02-07 17:33:08.539] 매도 실행: SK하이닉스 - 추세이탈(주의) [점수:6, RSI:58.7, ADX:48.1]
[2026-02-07 17:33:08.540] ======== [주문 실행] SELL ========
[2026-02-07 17:33:08.554] 대상: 000660, 수량: 15, 단가: 시장가(0)
[2026-02-07 17:33:08.559] API URL: https://openapivts.koreainvestment.com:29443/uapi/domestic-stock/v1/trading/order-cash
[2026-02-07 17:33:09.115] 결과: 실패 (모의투자 영업일이 아닙니다.) [Code: 40100000]
[2026-02-07 17:33:09.121] ========================================
[2026-02-07 17:33:09.132] 매도 실행: SK텔레콤 - 손절(-11.85%)
[2026-02-07 17:33:09.141] ======== [주문 실행] SELL ========
[2026-02-07 17:33:09.148] 대상: 017670, 수량: 2, 단가: 시장가(0)
[2026-02-07 17:33:09.154] API URL: https://openapivts.koreainvestment.com:29443/uapi/domestic-stock/v1/trading/order-cash
[2026-02-07 17:33:09.719] 결과: 실패 (모의투자 영업일이 아닙니다.) [Code: 40100000]
[2026-02-07 17:33:09.720] ========================================
[2026-02-07 17:33:10.964] 모니터링 완료. 대기 중...
[2026-02-07 17:34:11.169] 모니터링 주기 시작...
[2026-02-07 17:34:14.265] 매도 실행: SK하이닉스 - 추세이탈(주의) [점수:6, RSI:58.7, ADX:48.1]
[2026-02-07 17:34:14.265] ======== [주문 실행] SELL ========
[2026-02-07 17:34:14.279] 대상: 000660, 수량: 15, 단가: 시장가(0)
[2026-02-07 17:34:14.287] API URL: https://openapivts.koreainvestment.com:29443/uapi/domestic-stock/v1/trading/order-cash
[2026-02-07 17:34:14.810] 결과: 실패 (초당 거래건수를 초과하였습니다.) [Code: EGW00201]
[2026-02-07 17:34:14.812] ========================================
[2026-02-07 17:34:14.824] 매도 실행: SK텔레콤 - 손절(-11.85%)
[2026-02-07 17:34:14.831] ======== [주문 실행] SELL ========
[2026-02-07 17:34:14.840] 대상: 017670, 수량: 2, 단가: 시장가(0)
[2026-02-07 17:34:14.846] API URL: https://openapivts.koreainvestment.com:29443/uapi/domestic-stock/v1/trading/order-cash
[2026-02-07 17:34:15.475] 결과: 실패 (모의투자 영업일이 아닙니다.) [Code: 40100000]
[2026-02-07 17:34:15.476] ========================================
[2026-02-07 17:34:16.656] 모니터링 완료. 대기 중...
[2026-02-07 17:35:16.867] 모니터링 주기 시작...
[2026-02-07 17:35:20.562] 매도 실행: SK하이닉스 - 추세이탈(주의) [점수:6, RSI:58.7, ADX:48.1]
[2026-02-07 17:35:20.563] ======== [주문 실행] SELL ========
[2026-02-07 17:35:20.576] 대상: 000660, 수량: 15, 단가: 시장가(0)
[2026-02-07 17:35:20.585] API URL: https://openapivts.koreainvestment.com:29443/uapi/domestic-stock/v1/trading/order-cash
[2026-02-07 17:35:21.128] 결과: 실패 (모의투자 영업일이 아닙니다.) [Code: 40100000]
[2026-02-07 17:35:21.129] ========================================
[2026-02-07 17:35:21.142] 매도 실행: SK텔레콤 - 손절(-11.85%)
[2026-02-07 17:35:21.151] ======== [주문 실행] SELL ========
[2026-02-07 17:35:21.159] 대상: 017670, 수량: 2, 단가: 시장가(0)
[2026-02-07 17:35:21.167] API URL: https://openapivts.koreainvestment.com:29443/uapi/domestic-stock/v1/trading/order-cash
[2026-02-07 17:35:21.765] 결과: 실패 (초당 거래건수를 초과하였습니다.) [Code: EGW00201]
[2026-02-07 17:35:21.766] ========================================
[2026-02-07 17:35:23.038] 모니터링 완료. 대기 중...
[2026-02-07 17:36:23.293] 모니터링 주기 시작...
[2026-02-07 17:36:25.243] 매도 실행: SK하이닉스 - 추세이탈(주의) [점수:6, RSI:58.7, ADX:48.1]
[2026-02-07 17:36:25.244] ======== [주문 실행] SELL ========
[2026-02-07 17:36:25.254] 대상: 000660, 수량: 15, 단가: 시장가(0)
[2026-02-07 17:36:25.263] API URL: https://openapivts.koreainvestment.com:29443/uapi/domestic-stock/v1/trading/order-cash
[2026-02-07 17:36:25.806] 결과: 실패 (모의투자 영업일이 아닙니다.) [Code: 40100000]
[2026-02-07 17:36:25.807] ========================================
[2026-02-07 17:36:25.817] 매도 실행: SK텔레콤 - 손절(-11.85%)
[2026-02-07 17:36:25.827] ======== [주문 실행] SELL ========
[2026-02-07 17:36:25.836] 대상: 017670, 수량: 2, 단가: 시장가(0)
[2026-02-07 17:36:25.846] API URL: https://openapivts.koreainvestment.com:29443/uapi/domestic-stock/v1/trading/order-cash
[2026-02-07 17:36:26.399] 결과: 실패 (모의투자 영업일이 아닙니다.) [Code: 40100000]
[2026-02-07 17:36:26.401] ========================================
[2026-02-07 17:36:27.607] 모니터링 완료. 대기 중...
[2026-02-07 17:37:27.789] 모니터링 주기 시작...
[2026-02-07 17:37:29.745] 매도 실행: SK하이닉스 - 추세이탈(주의) [점수:6, RSI:58.7, ADX:48.1]
[2026-02-07 17:37:29.746] ======== [주문 실행] SELL ========
[2026-02-07 17:37:29.759] 대상: 000660, 수량: 15, 단가: 시장가(0)
[2026-02-07 17:37:29.769] API URL: https://openapivts.koreainvestment.com:29443/uapi/domestic-stock/v1/trading/order-cash
[2026-02-07 17:37:30.305] 결과: 실패 (모의투자 영업일이 아닙니다.) [Code: 40100000]
[2026-02-07 17:37:30.315] ========================================
[2026-02-07 17:37:30.328] 매도 실행: SK텔레콤 - 손절(-11.85%)
[2026-02-07 17:37:30.335] ======== [주문 실행] SELL ========
[2026-02-07 17:37:30.348] 대상: 017670, 수량: 2, 단가: 시장가(0)
[2026-02-07 17:37:30.356] API URL: https://openapivts.koreainvestment.com:29443/uapi/domestic-stock/v1/trading/order-cash
[2026-02-07 17:37:30.900] 결과: 실패 (모의투자 영업일이 아닙니다.) [Code: 40100000]
[2026-02-07 17:37:30.901] ========================================
[2026-02-07 17:37:32.105] 모니터링 완료. 대기 중...
[2026-02-07 17:38:32.312] 모니터링 주기 시작...
[2026-02-07 17:38:34.253] 매도 실행: SK하이닉스 - 추세이탈(주의) [점수:6, RSI:58.7, ADX:48.1]
[2026-02-07 17:38:34.253] ======== [주문 실행] SELL ========
[2026-02-07 17:38:34.262] 대상: 000660, 수량: 15, 단가: 시장가(0)
[2026-02-07 17:38:34.268] API URL: https://openapivts.koreainvestment.com:29443/uapi/domestic-stock/v1/trading/order-cash
[2026-02-07 17:38:34.817] 결과: 실패 (모의투자 영업일이 아닙니다.) [Code: 40100000]
[2026-02-07 17:38:34.818] ========================================
[2026-02-07 17:38:34.827] 매도 실행: SK텔레콤 - 손절(-11.85%)
[2026-02-07 17:38:34.834] ======== [주문 실행] SELL ========
[2026-02-07 17:38:34.843] 대상: 017670, 수량: 2, 단가: 시장가(0)
[2026-02-07 17:38:34.850] API URL: https://openapivts.koreainvestment.com:29443/uapi/domestic-stock/v1/trading/order-cash
[2026-02-07 17:38:35.406] 결과: 실패 (모의투자 영업일이 아닙니다.) [Code: 40100000]
[2026-02-07 17:38:35.407] ========================================
[2026-02-07 17:38:36.609] 모니터링 완료. 대기 중...
[2026-02-07 17:39:36.828] 모니터링 주기 시작...
[2026-02-07 17:39:38.777] 매도 실행: SK하이닉스 - 추세이탈(주의) [점수:6, RSI:58.7, ADX:48.1]
[2026-02-07 17:39:38.778] ======== [주문 실행] SELL ========
[2026-02-07 17:39:38.792] 대상: 000660, 수량: 15, 단가: 시장가(0)
[2026-02-07 17:39:38.797] API URL: https://openapivts.koreainvestment.com:29443/uapi/domestic-stock/v1/trading/order-cash
[2026-02-07 17:39:39.339] 결과: 실패 (모의투자 영업일이 아닙니다.) [Code: 40100000]
[2026-02-07 17:39:39.340] ========================================
[2026-02-07 17:39:39.354] 매도 실행: SK텔레콤 - 손절(-11.85%)
[2026-02-07 17:39:39.364] ======== [주문 실행] SELL ========
[2026-02-07 17:39:39.375] 대상: 017670, 수량: 2, 단가: 시장가(0)
[2026-02-07 17:39:39.383] API URL: https://openapivts.koreainvestment.com:29443/uapi/domestic-stock/v1/trading/order-cash
[2026-02-07 17:39:39.934] 결과: 실패 (모의투자 영업일이 아닙니다.) [Code: 40100000]
[2026-02-07 17:39:39.935] ========================================
[2026-02-07 17:39:41.138] 모니터링 완료. 대기 중...
[2026-02-07 17:40:41.360] 모니터링 주기 시작...
[2026-02-07 17:40:43.280] 매도 실행: SK하이닉스 - 추세이탈(주의) [점수:6, RSI:58.7, ADX:48.1]
[2026-02-07 17:40:43.282] ======== [주문 실행] SELL ========
[2026-02-07 17:40:43.293] 대상: 000660, 수량: 15, 단가: 시장가(0)
[2026-02-07 17:40:43.300] API URL: https://openapivts.koreainvestment.com:29443/uapi/domestic-stock/v1/trading/order-cash
[2026-02-07 17:40:43.841] 결과: 실패 (모의투자 영업일이 아닙니다.) [Code: 40100000]
[2026-02-07 17:40:43.842] ========================================
[2026-02-07 17:40:43.853] 매도 실행: SK텔레콤 - 손절(-11.85%)
[2026-02-07 17:40:43.862] ======== [주문 실행] SELL ========
[2026-02-07 17:40:43.873] 대상: 017670, 수량: 2, 단가: 시장가(0)
[2026-02-07 17:40:43.881] API URL: https://openapivts.koreainvestment.com:29443/uapi/domestic-stock/v1/trading/order-cash
[2026-02-07 17:40:44.437] 결과: 실패 (모의투자 영업일이 아닙니다.) [Code: 40100000]
[2026-02-07 17:40:44.438] ========================================
[2026-02-07 17:40:45.637] 모니터링 완료. 대기 중...
[2026-02-07 17:41:45.865] 모니터링 주기 시작...
[2026-02-07 17:41:47.797] 매도 실행: SK하이닉스 - 추세이탈(주의) [점수:6, RSI:58.7, ADX:48.1]
[2026-02-07 17:41:47.798] ======== [주문 실행] SELL ========
[2026-02-07 17:41:47.810] 대상: 000660, 수량: 15, 단가: 시장가(0)
[2026-02-07 17:41:47.819] API URL: https://openapivts.koreainvestment.com:29443/uapi/domestic-stock/v1/trading/order-cash
[2026-02-07 17:41:48.356] 결과: 실패 (모의투자 영업일이 아닙니다.) [Code: 40100000]
[2026-02-07 17:41:48.357] ========================================
[2026-02-07 17:41:48.369] 매도 실행: SK텔레콤 - 손절(-11.85%)
[2026-02-07 17:41:48.378] ======== [주문 실행] SELL ========
[2026-02-07 17:41:48.386] 대상: 017670, 수량: 2, 단가: 시장가(0)
[2026-02-07 17:41:48.393] API URL: https://openapivts.koreainvestment.com:29443/uapi/domestic-stock/v1/trading/order-cash
[2026-02-07 17:41:48.950] 결과: 실패 (모의투자 영업일이 아닙니다.) [Code: 40100000]
[2026-02-07 17:41:48.951] ========================================
[2026-02-07 17:41:50.150] 모니터링 완료. 대기 중...
[2026-02-07 17:42:36.345] 모니터링 주기 시작...
[2026-02-07 17:42:36.346] 시스템 시작
[2026-02-07 17:42:38.353] 매도 실행: SK하이닉스 - 추세이탈(주의) [점수:6, RSI:58.7, ADX:48.1]
[2026-02-07 17:42:38.354] ======== [주문 실행] SELL ========
[2026-02-07 17:42:38.367] 대상: 000660, 수량: 15, 단가: 시장가(0)
[2026-02-07 17:42:38.375] API URL: https://openapivts.koreainvestment.com:29443/uapi/domestic-stock/v1/trading/order-cash
[2026-02-07 17:42:38.912] 결과: 실패 (모의투자 영업일이 아닙니다.) [Code: 40100000]
[2026-02-07 17:42:38.913] ========================================
[2026-02-07 17:42:39.526] 매도 실행: SK텔레콤 - 손절(-11.85%)
[2026-02-07 17:42:39.528] ======== [주문 실행] SELL ========
[2026-02-07 17:42:39.541] 대상: 017670, 수량: 2, 단가: 시장가(0)
[2026-02-07 17:42:39.548] API URL: https://openapivts.koreainvestment.com:29443/uapi/domestic-stock/v1/trading/order-cash
[2026-02-07 17:42:39.593] 결과: 실패 (모의투자 영업일이 아닙니다.) [Code: 40100000]
[2026-02-07 17:42:39.594] ========================================
[2026-02-07 17:42:40.792] 모니터링 완료. 대기 중...
[2026-02-07 17:43:40.996] 모니터링 주기 시작...
[2026-02-07 17:43:41.845] [API] 초당 전송건수 초과(EGW00201). 0.5초 대기 후 재시도합니다 (1/1)...
[2026-02-07 17:43:41.852] [API] 초당 전송건수 초과(EGW00201). 0.5초 대기 후 재시도합니다 (1/1)...
[2026-02-07 17:43:43.617] [API] 초당 전송건수 초과(EGW00201). 0.5초 대기 후 재시도합니다 (1/1)...
[2026-02-07 17:43:43.695] [API] 초당 전송건수 초과(EGW00201). 0.5초 대기 후 재시도합니다 (1/1)...
[2026-02-07 17:43:44.268] 매도 실행: SK하이닉스 - 추세이탈(주의) [점수:6, RSI:58.7, ADX:48.1]
[2026-02-07 17:43:44.269] ======== [주문 실행] SELL ========
[2026-02-07 17:43:44.278] 대상: 000660, 수량: 15, 단가: 시장가(0)
[2026-02-07 17:43:44.285] API URL: https://openapivts.koreainvestment.com:29443/uapi/domestic-stock/v1/trading/order-cash
[2026-02-07 17:43:44.795] [API] 초당 전송건수 초과(EGW00201). 0.5초 대기 후 재시도합니다 (1/1)...
[2026-02-07 17:43:44.803] [API] 초당 전송건수 초과(EGW00201). 0.5초 대기 후 재시도합니다 (1/1)...
[2026-02-07 17:43:45.407] 결과: 실패 (모의투자 영업일이 아닙니다.) [Code: 40100000]
[2026-02-07 17:43:45.425] ========================================
[2026-02-07 17:43:46.045] 매도 실행: SK텔레콤 - 손절(-11.85%)
[2026-02-07 17:43:46.047] ======== [주문 실행] SELL ========
[2026-02-07 17:43:46.059] 대상: 017670, 수량: 2, 단가: 시장가(0)
[2026-02-07 17:43:46.068] API URL: https://openapivts.koreainvestment.com:29443/uapi/domestic-stock/v1/trading/order-cash
[2026-02-07 17:43:46.590] 결과: 실패 (모의투자 영업일이 아닙니다.) [Code: 40100000]
[2026-02-07 17:43:46.592] ========================================
[2026-02-07 17:43:47.740] [API] 초당 전송건수 초과(EGW00201). 0.5초 대기 후 재시도합니다 (1/1)...
[2026-02-07 17:43:47.829] [API] 초당 전송건수 초과(EGW00201). 0.5초 대기 후 재시도합니다 (1/1)...
[2026-02-07 17:43:48.375] 모니터링 완료. 대기 중...
[2026-02-07 17:43:48.934] [API] 초당 전송건수 초과(EGW00201). 0.5초 대기 후 재시도합니다 (1/1)...
[2026-02-07 17:44:48.593] 모니터링 주기 시작...
[2026-02-07 17:44:48.919] [API] 초당 전송건수 초과(EGW00201). 0.5초 대기 후 재시도합니다 (1/1)...
[2026-02-07 17:44:50.680] [API] 초당 전송건수 초과(EGW00201). 0.5초 대기 후 재시도합니다 (1/1)...
[2026-02-07 17:44:50.757] [API] 초당 전송건수 초과(EGW00201). 0.5초 대기 후 재시도합니다 (1/1)...
[2026-02-07 17:44:51.320] 매도 실행: SK하이닉스 - 추세이탈(주의) [점수:6, RSI:58.7, ADX:48.1]
[2026-02-07 17:44:51.321] ======== [주문 실행] SELL ========
[2026-02-07 17:44:51.332] 대상: 000660, 수량: 15, 단가: 시장가(0)
[2026-02-07 17:44:51.340] API URL: https://openapivts.koreainvestment.com:29443/uapi/domestic-stock/v1/trading/order-cash
[2026-02-07 17:44:51.871] [API] 초당 전송건수 초과(EGW00201). 0.5초 대기 후 재시도합니다 (1/1)...
[2026-02-07 17:44:51.871] [API] 초당 전송건수 초과(EGW00201). 0.5초 대기 후 재시도합니다 (1/1)...
[2026-02-07 17:44:52.517] 결과: 실패 (모의투자 영업일이 아닙니다.) [Code: 40100000]
[2026-02-07 17:44:52.519] ========================================
[2026-02-07 17:44:53.133] 매도 실행: SK텔레콤 - 손절(-11.85%)
[2026-02-07 17:44:53.134] ======== [주문 실행] SELL ========
[2026-02-07 17:44:53.144] 대상: 017670, 수량: 2, 단가: 시장가(0)
[2026-02-07 17:44:53.155] API URL: https://openapivts.koreainvestment.com:29443/uapi/domestic-stock/v1/trading/order-cash
[2026-02-07 17:44:53.629] [API] 초당 전송건수 초과(EGW00201). 0.5초 대기 후 재시도합니다 (1/1)...
[2026-02-07 17:44:54.181] 결과: 실패 (모의투자 영업일이 아닙니다.) [Code: 40100000]
[2026-02-07 17:44:54.182] ========================================
[2026-02-07 17:44:54.747] [API] 초당 전송건수 초과(EGW00201). 0.5초 대기 후 재시도합니다 (1/1)...
[2026-02-07 17:44:54.863] [API] 초당 전송건수 초과(EGW00201). 0.5초 대기 후 재시도합니다 (1/1)...
[2026-02-07 17:44:55.941] [API] 초당 전송건수 초과(EGW00201). 0.5초 대기 후 재시도합니다 (1/1)...
[2026-02-07 17:44:56.498] 모니터링 완료. 대기 중...
[2026-02-07 17:44:56.604] [API] 초당 전송건수 초과(EGW00201). 0.5초 대기 후 재시도합니다 (1/1)...
[2026-02-07 17:45:56.698] 모니터링 주기 시작...
[2026-02-07 17:45:58.682] 매도 실행: SK하이닉스 - 추세이탈(주의) [점수:6, RSI:58.7, ADX:48.1]
[2026-02-07 17:45:58.682] ======== [주문 실행] SELL ========
[2026-02-07 17:45:58.693] 대상: 000660, 수량: 15, 단가: 시장가(0)
[2026-02-07 17:45:58.701] API URL: https://openapivts.koreainvestment.com:29443/uapi/domestic-stock/v1/trading/order-cash
[2026-02-07 17:45:59.275] 결과: 실패 (모의투자 영업일이 아닙니다.) [Code: 40100000]
[2026-02-07 17:45:59.285] ========================================
[2026-02-07 17:45:59.900] 매도 실행: SK텔레콤 - 손절(-11.85%)
[2026-02-07 17:45:59.901] ======== [주문 실행] SELL ========
[2026-02-07 17:45:59.912] 대상: 017670, 수량: 2, 단가: 시장가(0)
[2026-02-07 17:45:59.922] API URL: https://openapivts.koreainvestment.com:29443/uapi/domestic-stock/v1/trading/order-cash
[2026-02-07 17:45:59.976] 결과: 실패 (모의투자 영업일이 아닙니다.) [Code: 40100000]
[2026-02-07 17:45:59.976] ========================================
[2026-02-07 17:46:01.192] 모니터링 완료. 대기 중...
[2026-02-07 17:47:01.434] 모니터링 주기 시작...
[2026-02-07 17:47:01.794] [API] 초당 전송건수 초과(EGW00201). 0.5초 대기 후 재시도합니다 (1/1)...
[2026-02-07 17:47:04.307] 매도 실행: SK하이닉스 - 추세이탈(주의) [점수:6, RSI:58.7, ADX:48.1]
[2026-02-07 17:47:04.308] ======== [주문 실행] SELL ========
[2026-02-07 17:47:04.321] 대상: 000660, 수량: 15, 단가: 시장가(0)
[2026-02-07 17:47:04.330] API URL: https://openapivts.koreainvestment.com:29443/uapi/domestic-stock/v1/trading/order-cash
[2026-02-07 17:47:04.862] 결과: 실패 (모의투자 영업일이 아닙니다.) [Code: 40100000]
[2026-02-07 17:47:04.864] ========================================
[2026-02-07 17:47:05.481] 매도 실행: SK텔레콤 - 손절(-11.85%)
[2026-02-07 17:47:05.483] ======== [주문 실행] SELL ========
[2026-02-07 17:47:05.496] 대상: 017670, 수량: 2, 단가: 시장가(0)
[2026-02-07 17:47:05.504] API URL: https://openapivts.koreainvestment.com:29443/uapi/domestic-stock/v1/trading/order-cash
[2026-02-07 17:47:05.547] 결과: 실패 (모의투자 영업일이 아닙니다.) [Code: 40100000]
[2026-02-07 17:47:05.549] ========================================
[2026-02-07 17:47:06.755] 모니터링 완료. 대기 중...
[2026-02-07 17:48:06.980] 모니터링 주기 시작...
[2026-02-07 17:48:07.937] [API] 초당 전송건수 초과(EGW00201). 0.5초 대기 후 재시도합니다 (1/1)...
[2026-02-07 17:48:07.943] [API] 초당 전송건수 초과(EGW00201). 0.5초 대기 후 재시도합니다 (1/1)...
[2026-02-07 17:48:09.718] [API] 초당 전송건수 초과(EGW00201). 0.5초 대기 후 재시도합니다 (1/1)...
[2026-02-07 17:48:09.718] [API] 초당 전송건수 초과(EGW00201). 0.5초 대기 후 재시도합니다 (1/1)...
[2026-02-07 17:48:10.383] 매도 실행: SK하이닉스 - 추세이탈(주의) [점수:6, RSI:58.7, ADX:48.1]
[2026-02-07 17:48:10.383] ======== [주문 실행] SELL ========
[2026-02-07 17:48:10.390] 대상: 000660, 수량: 15, 단가: 시장가(0)
[2026-02-07 17:48:10.395] API URL: https://openapivts.koreainvestment.com:29443/uapi/domestic-stock/v1/trading/order-cash
[2026-02-07 17:48:10.919] [API] 초당 전송건수 초과(EGW00201). 0.5초 대기 후 재시도합니다 (1/1)...
[2026-02-07 17:48:10.920] [API] 초당 전송건수 초과(EGW00201). 0.5초 대기 후 재시도합니다 (1/1)...
[2026-02-07 17:48:11.536] 결과: 실패 (모의투자 영업일이 아닙니다.) [Code: 40100000]
[2026-02-07 17:48:11.537] ========================================
[2026-02-07 17:48:12.149] 매도 실행: SK텔레콤 - 손절(-11.85%)
[2026-02-07 17:48:12.150] ======== [주문 실행] SELL ========
[2026-02-07 17:48:12.161] 대상: 017670, 수량: 2, 단가: 시장가(0)
[2026-02-07 17:48:12.173] API URL: https://openapivts.koreainvestment.com:29443/uapi/domestic-stock/v1/trading/order-cash
[2026-02-07 17:48:12.661] [API] 초당 전송건수 초과(EGW00201). 0.5초 대기 후 재시도합니다 (1/1)...
[2026-02-07 17:48:12.685] 결과: 실패 (모의투자 영업일이 아닙니다.) [Code: 40100000]
[2026-02-07 17:48:12.685] ========================================
[2026-02-07 17:48:13.778] [API] 초당 전송건수 초과(EGW00201). 0.5초 대기 후 재시도합니다 (1/1)...
[2026-02-07 17:48:13.914] [API] 초당 전송건수 초과(EGW00201). 0.5초 대기 후 재시도합니다 (1/1)...
[2026-02-07 17:48:14.458] 모니터링 완료. 대기 중...
[2026-02-07 17:48:14.954] [API] 초당 전송건수 초과(EGW00201). 0.5초 대기 후 재시도합니다 (1/1)...
[2026-02-07 17:49:14.665] 모니터링 주기 시작...
[2026-02-07 17:49:16.649] 매도 실행: SK하이닉스 - 추세이탈(주의) [점수:6, RSI:58.7, ADX:48.1]
[2026-02-07 17:49:16.650] ======== [주문 실행] SELL ========
[2026-02-07 17:49:16.660] 대상: 000660, 수량: 15, 단가: 시장가(0)
[2026-02-07 17:49:16.667] API URL: https://openapivts.koreainvestment.com:29443/uapi/domestic-stock/v1/trading/order-cash
[2026-02-07 17:49:17.217] 결과: 실패 (모의투자 영업일이 아닙니다.) [Code: 40100000]
[2026-02-07 17:49:17.218] ========================================
[2026-02-07 17:49:17.829] 매도 실행: SK텔레콤 - 손절(-11.85%)
[2026-02-07 17:49:17.831] ======== [주문 실행] SELL ========
[2026-02-07 17:49:17.843] 대상: 017670, 수량: 2, 단가: 시장가(0)
[2026-02-07 17:49:17.854] API URL: https://openapivts.koreainvestment.com:29443/uapi/domestic-stock/v1/trading/order-cash
[2026-02-07 17:49:17.898] 결과: 실패 (모의투자 영업일이 아닙니다.) [Code: 40100000]
[2026-02-07 17:49:17.899] ========================================
[2026-02-07 17:49:19.090] 모니터링 완료. 대기 중...
[2026-02-07 17:50:19.297] 모니터링 주기 시작...
[2026-02-07 17:50:19.837] [API] 초당 전송건수 초과(EGW00201). 0.5초 대기 후 재시도합니다 (1/1)...
[2026-02-07 17:50:20.996] [API] 초당 전송건수 초과(EGW00201). 0.5초 대기 후 재시도합니다 (1/1)...
[2026-02-07 17:50:21.676] [API] 초당 전송건수 초과(EGW00201). 0.5초 대기 후 재시도합니다 (1/1)...
[2026-02-07 17:50:22.256] 매도 실행: SK하이닉스 - 추세이탈(주의) [점수:6, RSI:58.7, ADX:48.1]
[2026-02-07 17:50:22.257] ======== [주문 실행] SELL ========
[2026-02-07 17:50:22.262] 대상: 000660, 수량: 15, 단가: 시장가(0)
[2026-02-07 17:50:22.267] API URL: https://openapivts.koreainvestment.com:29443/uapi/domestic-stock/v1/trading/order-cash
[2026-02-07 17:50:22.769] [API] 초당 전송건수 초과(EGW00201). 0.5초 대기 후 재시도합니다 (1/1)...
[2026-02-07 17:50:22.852] [API] 초당 전송건수 초과(EGW00201). 0.5초 대기 후 재시도합니다 (1/1)...
[2026-02-07 17:50:23.405] 결과: 실패 (모의투자 영업일이 아닙니다.) [Code: 40100000]
[2026-02-07 17:50:23.425] ========================================
[2026-02-07 17:50:23.972] [API] 초당 전송건수 초과(EGW00201). 0.5초 대기 후 재시도합니다 (1/1)...
[2026-02-07 17:50:24.048] 매도 실행: SK텔레콤 - 손절(-11.85%)
[2026-02-07 17:50:24.054] ======== [주문 실행] SELL ========
[2026-02-07 17:50:24.078] 대상: 017670, 수량: 2, 단가: 시장가(0)
[2026-02-07 17:50:24.273] API URL: https://openapivts.koreainvestment.com:29443/uapi/domestic-stock/v1/trading/order-cash
[2026-02-07 17:50:24.398] 결과: 실패 (모의투자 영업일이 아닙니다.) [Code: 40100000]
[2026-02-07 17:50:24.402] ========================================
[2026-02-07 17:50:24.967] [API] 초당 전송건수 초과(EGW00201). 0.5초 대기 후 재시도합니다 (1/1)...
[2026-02-07 17:50:25.726] [API] 초당 전송건수 초과(EGW00201). 0.5초 대기 후 재시도합니다 (1/1)...
[2026-02-07 17:50:26.191] 모니터링 완료. 대기 중...
[2026-02-07 17:50:26.849] [API] 초당 전송건수 초과(EGW00201). 0.5초 대기 후 재시도합니다 (1/1)...
[2026-02-07 17:51:29.793] 모니터링 주기 시작...
[2026-02-07 17:51:29.794] 시스템 시작
[2026-02-07 17:51:31.839] 매도 실행: SK하이닉스 - 추세이탈(주의) [점수:6, RSI:58.7, ADX:48.1]
[2026-02-07 17:51:31.840] ======== [주문 실행] SELL ========
[2026-02-07 17:51:31.854] 대상: 000660, 수량: 15, 단가: 시장가(0)
[2026-02-07 17:51:31.864] API URL: https://openapivts.koreainvestment.com:29443/uapi/domestic-stock/v1/trading/order-cash
[2026-02-07 17:51:32.393] 결과: 실패 (모의투자 영업일이 아닙니다.) [Code: 40100000]
[2026-02-07 17:51:32.394] ========================================
[2026-02-07 17:51:33.011] 매도 실행: SK텔레콤 - 손절(-11.85%)
[2026-02-07 17:51:33.013] ======== [주문 실행] SELL ========
[2026-02-07 17:51:33.026] 대상: 017670, 수량: 2, 단가: 시장가(0)
[2026-02-07 17:51:33.035] API URL: https://openapivts.koreainvestment.com:29443/uapi/domestic-stock/v1/trading/order-cash
[2026-02-07 17:51:33.084] 결과: 실패 (모의투자 영업일이 아닙니다.) [Code: 40100000]
[2026-02-07 17:51:33.086] ========================================
[2026-02-07 17:51:34.297] 모니터링 완료. 대기 중...
[2026-02-07 17:52:34.516] 모니터링 주기 시작...
[2026-02-07 17:52:36.504] 매도 실행: SK하이닉스 - 추세이탈(주의) [점수:6, RSI:58.7, ADX:48.1]
[2026-02-07 17:52:36.505] ======== [주문 실행] SELL ========
[2026-02-07 17:52:36.523] 대상: 000660, 수량: 15, 단가: 시장가(0)
[2026-02-07 17:52:36.530] API URL: https://openapivts.koreainvestment.com:29443/uapi/domestic-stock/v1/trading/order-cash
[2026-02-07 17:52:37.064] 결과: 실패 (모의투자 영업일이 아닙니다.) [Code: 40100000]
[2026-02-07 17:52:37.065] ========================================
[2026-02-07 17:52:37.683] 매도 실행: SK텔레콤 - 손절(-11.85%)
[2026-02-07 17:52:37.684] ======== [주문 실행] SELL ========
[2026-02-07 17:52:37.698] 대상: 017670, 수량: 2, 단가: 시장가(0)
[2026-02-07 17:52:37.707] API URL: https://openapivts.koreainvestment.com:29443/uapi/domestic-stock/v1/trading/order-cash
[2026-02-07 17:52:37.755] 결과: 실패 (모의투자 영업일이 아닙니다.) [Code: 40100000]
[2026-02-07 17:52:37.756] ========================================
[2026-02-07 17:52:38.953] 모니터링 완료. 대기 중...
[2026-02-07 17:53:39.183] 모니터링 주기 시작...
[2026-02-07 17:53:41.731] 매도 실행: SK하이닉스 - 추세이탈(주의) [점수:6, RSI:58.7, ADX:48.1]
[2026-02-07 17:53:41.732] ======== [주문 실행] SELL ========
[2026-02-07 17:53:41.745] 대상: 000660, 수량: 15, 단가: 시장가(0)
[2026-02-07 17:53:41.754] API URL: https://openapivts.koreainvestment.com:29443/uapi/domestic-stock/v1/trading/order-cash
[2026-02-07 17:53:42.300] 결과: 실패 (모의투자 영업일이 아닙니다.) [Code: 40100000]
[2026-02-07 17:53:42.307] ========================================
[2026-02-07 17:53:42.924] 매도 실행: SK텔레콤 - 손절(-11.85%)
[2026-02-07 17:53:42.926] ======== [주문 실행] SELL ========
[2026-02-07 17:53:42.938] 대상: 017670, 수량: 2, 단가: 시장가(0)
[2026-02-07 17:53:42.947] API URL: https://openapivts.koreainvestment.com:29443/uapi/domestic-stock/v1/trading/order-cash
[2026-02-07 17:53:42.995] 결과: 실패 (모의투자 영업일이 아닙니다.) [Code: 40100000]
[2026-02-07 17:53:42.996] ========================================
[2026-02-07 17:53:44.202] 모니터링 완료. 대기 중...
[2026-02-07 17:54:44.423] 모니터링 주기 시작...
[2026-02-07 17:54:46.424] 매도 실행: SK하이닉스 - 추세이탈(주의) [점수:6, RSI:58.7, ADX:48.1]
[2026-02-07 17:54:46.425] ======== [주문 실행] SELL ========
[2026-02-07 17:54:46.432] 대상: 000660, 수량: 15, 단가: 시장가(0)
[2026-02-07 17:54:46.440] API URL: https://openapivts.koreainvestment.com:29443/uapi/domestic-stock/v1/trading/order-cash
[2026-02-07 17:54:47.028] 결과: 실패 (모의투자 영업일이 아닙니다.) [Code: 40100000]
[2026-02-07 17:54:47.029] ========================================
[2026-02-07 17:54:47.646] 매도 실행: SK텔레콤 - 손절(-11.85%)
[2026-02-07 17:54:47.647] ======== [주문 실행] SELL ========
[2026-02-07 17:54:47.660] 대상: 017670, 수량: 2, 단가: 시장가(0)
[2026-02-07 17:54:47.669] API URL: https://openapivts.koreainvestment.com:29443/uapi/domestic-stock/v1/trading/order-cash
[2026-02-07 17:54:47.721] 결과: 실패 (모의투자 영업일이 아닙니다.) [Code: 40100000]
[2026-02-07 17:54:47.722] ========================================
[2026-02-07 17:54:48.927] 모니터링 완료. 대기 중...
[2026-02-07 17:55:49.148] 모니터링 주기 시작...
[2026-02-07 17:55:51.663] 매도 실행: SK하이닉스 - 추세이탈(주의) [점수:6, RSI:58.7, ADX:48.1]
[2026-02-07 17:55:51.664] ======== [주문 실행] SELL ========
[2026-02-07 17:55:51.676] 대상: 000660, 수량: 15, 단가: 시장가(0)
[2026-02-07 17:55:51.685] API URL: https://openapivts.koreainvestment.com:29443/uapi/domestic-stock/v1/trading/order-cash
[2026-02-07 17:55:52.252] 결과: 실패 (모의투자 영업일이 아닙니다.) [Code: 40100000]
[2026-02-07 17:55:52.254] ========================================
[2026-02-07 17:55:52.868] 매도 실행: SK텔레콤 - 손절(-11.85%)
[2026-02-07 17:55:52.870] ======== [주문 실행] SELL ========
[2026-02-07 17:55:52.884] 대상: 017670, 수량: 2, 단가: 시장가(0)
[2026-02-07 17:55:52.893] API URL: https://openapivts.koreainvestment.com:29443/uapi/domestic-stock/v1/trading/order-cash
[2026-02-07 17:55:52.945] 결과: 실패 (모의투자 영업일이 아닙니다.) [Code: 40100000]
[2026-02-07 17:55:52.946] ========================================
[2026-02-07 17:55:54.153] 모니터링 완료. 대기 중...
[2026-02-07 17:56:26.540] 모니터링 주기 시작...
[2026-02-07 17:56:26.541] 시스템 시작
[2026-02-07 17:56:28.550] 매도 실행: SK하이닉스 - 추세이탈(주의) [점수:6, RSI:58.7, ADX:48.1]
[2026-02-07 17:56:28.551] ======== [주문 실행] SELL ========
[2026-02-07 17:56:28.565] 대상: 000660, 수량: 15, 단가: 시장가(0)
[2026-02-07 17:56:28.570] API URL: https://openapivts.koreainvestment.com:29443/uapi/domestic-stock/v1/trading/order-cash
[2026-02-07 17:56:29.107] 결과: 실패 (모의투자 영업일이 아닙니다.) [Code: 40100000]
[2026-02-07 17:56:29.114] ========================================
[2026-02-07 17:56:29.727] 매도 실행: SK텔레콤 - 손절(-11.85%)
[2026-02-07 17:56:29.729] ======== [주문 실행] SELL ========
[2026-02-07 17:56:29.744] 대상: 017670, 수량: 2, 단가: 시장가(0)
[2026-02-07 17:56:29.753] API URL: https://openapivts.koreainvestment.com:29443/uapi/domestic-stock/v1/trading/order-cash
[2026-02-07 17:56:29.798] 결과: 실패 (모의투자 영업일이 아닙니다.) [Code: 40100000]
[2026-02-07 17:56:29.799] ========================================
[2026-02-07 17:56:31.000] 모니터링 완료. 대기 중...
[2026-02-07 17:57:31.215] 모니터링 주기 시작...
[2026-02-07 17:57:33.140] 매도 실행: SK하이닉스 - 추세이탈(주의) [점수:6, RSI:58.7, ADX:48.1]
[2026-02-07 17:57:33.142] ======== [주문 실행] SELL ========
[2026-02-07 17:57:33.154] 대상: 000660, 수량: 15, 단가: 시장가(0)
[2026-02-07 17:57:33.161] API URL: https://openapivts.koreainvestment.com:29443/uapi/domestic-stock/v1/trading/order-cash
[2026-02-07 17:57:33.698] 결과: 실패 (모의투자 영업일이 아닙니다.) [Code: 40100000]
[2026-02-07 17:57:33.706] ========================================
[2026-02-07 17:57:34.318] 매도 실행: SK텔레콤 - 손절(-11.85%)
[2026-02-07 17:57:34.319] ======== [주문 실행] SELL ========
[2026-02-07 17:57:34.323] 대상: 017670, 수량: 2, 단가: 시장가(0)
[2026-02-07 17:57:34.326] API URL: https://openapivts.koreainvestment.com:29443/uapi/domestic-stock/v1/trading/order-cash
[2026-02-07 17:57:34.367] 결과: 실패 (모의투자 영업일이 아닙니다.) [Code: 40100000]
[2026-02-07 17:57:34.368] ========================================
[2026-02-07 17:57:35.563] 모니터링 완료. 대기 중...
[2026-02-07 17:58:35.793] 모니터링 주기 시작...
[2026-02-07 17:58:38.803] 매도 실행: SK하이닉스 - 추세이탈(주의) [점수:6, RSI:58.7, ADX:48.1]
[2026-02-07 17:58:38.804] ======== [주문 실행] SELL ========
[2026-02-07 17:58:38.816] 대상: 000660, 수량: 15, 단가: 시장가(0)
[2026-02-07 17:58:38.824] API URL: https://openapivts.koreainvestment.com:29443/uapi/domestic-stock/v1/trading/order-cash
[2026-02-07 17:58:39.364] 결과: 실패 (모의투자 영업일이 아닙니다.) [Code: 40100000]
[2026-02-07 17:58:39.365] ========================================
[2026-02-07 17:58:39.983] 매도 실행: SK텔레콤 - 손절(-11.85%)
[2026-02-07 17:58:39.984] ======== [주문 실행] SELL ========
[2026-02-07 17:58:39.995] 대상: 017670, 수량: 2, 단가: 시장가(0)
[2026-02-07 17:58:40.003] API URL: https://openapivts.koreainvestment.com:29443/uapi/domestic-stock/v1/trading/order-cash
[2026-02-07 17:58:40.049] 결과: 실패 (모의투자 영업일이 아닙니다.) [Code: 40100000]
[2026-02-07 17:58:40.050] ========================================
[2026-02-07 17:58:41.253] 모니터링 완료. 대기 중...
[2026-02-07 17:59:41.491] 모니터링 주기 시작...
[2026-02-07 17:59:43.476] 매도 실행: SK하이닉스 - 추세이탈(주의) [점수:6, RSI:58.7, ADX:48.1]
[2026-02-07 17:59:43.477] ======== [주문 실행] SELL ========
[2026-02-07 17:59:43.489] 대상: 000660, 수량: 15, 단가: 시장가(0)
[2026-02-07 17:59:43.497] API URL: https://openapivts.koreainvestment.com:29443/uapi/domestic-stock/v1/trading/order-cash
[2026-02-07 17:59:44.037] 결과: 실패 (모의투자 영업일이 아닙니다.) [Code: 40100000]
[2026-02-07 17:59:44.039] ========================================
[2026-02-07 17:59:44.651] 매도 실행: SK텔레콤 - 손절(-11.85%)
[2026-02-07 17:59:44.653] ======== [주문 실행] SELL ========
[2026-02-07 17:59:44.665] 대상: 017670, 수량: 2, 단가: 시장가(0)
[2026-02-07 17:59:44.675] API URL: https://openapivts.koreainvestment.com:29443/uapi/domestic-stock/v1/trading/order-cash
[2026-02-07 17:59:44.722] 결과: 실패 (모의투자 영업일이 아닙니다.) [Code: 40100000]
[2026-02-07 17:59:44.724] ========================================
[2026-02-07 17:59:45.924] 모니터링 완료. 대기 중...
[2026-02-07 18:00:46.131] 모니터링 주기 시작...
[2026-02-07 18:00:48.680] 매도 실행: SK하이닉스 - 추세이탈(주의) [점수:6, RSI:58.7, ADX:48.1]
[2026-02-07 18:00:48.681] ======== [주문 실행] SELL ========
[2026-02-07 18:00:48.694] 대상: 000660, 수량: 15, 단가: 시장가(0)
[2026-02-07 18:00:48.702] API URL: https://openapivts.koreainvestment.com:29443/uapi/domestic-stock/v1/trading/order-cash
[2026-02-07 18:00:49.262] 결과: 실패 (모의투자 영업일이 아닙니다.) [Code: 40100000]
[2026-02-07 18:00:49.267] ========================================
[2026-02-07 18:00:49.885] 매도 실행: SK텔레콤 - 손절(-11.85%)
[2026-02-07 18:00:49.885] ======== [주문 실행] SELL ========
[2026-02-07 18:00:49.898] 대상: 017670, 수량: 2, 단가: 시장가(0)
[2026-02-07 18:00:49.908] API URL: https://openapivts.koreainvestment.com:29443/uapi/domestic-stock/v1/trading/order-cash
[2026-02-07 18:00:49.954] 결과: 실패 (모의투자 영업일이 아닙니다.) [Code: 40100000]
[2026-02-07 18:00:49.954] ========================================
[2026-02-07 18:00:51.160] 모니터링 완료. 대기 중...
[2026-02-07 18:01:51.407] 모니터링 주기 시작...
[2026-02-07 18:01:53.404] 매도 실행: SK하이닉스 - 추세이탈(주의) [점수:6, RSI:58.7, ADX:48.1]
[2026-02-07 18:01:53.404] ======== [주문 실행] SELL ========
[2026-02-07 18:01:53.415] 대상: 000660, 수량: 15, 단가: 시장가(0)
[2026-02-07 18:01:53.424] API URL: https://openapivts.koreainvestment.com:29443/uapi/domestic-stock/v1/trading/order-cash
[2026-02-07 18:01:53.978] 결과: 실패 (모의투자 영업일이 아닙니다.) [Code: 40100000]
[2026-02-07 18:01:53.980] ========================================
[2026-02-07 18:01:54.597] 매도 실행: SK텔레콤 - 손절(-11.85%)
[2026-02-07 18:01:54.599] ======== [주문 실행] SELL ========
[2026-02-07 18:01:54.613] 대상: 017670, 수량: 2, 단가: 시장가(0)
[2026-02-07 18:01:54.621] API URL: https://openapivts.koreainvestment.com:29443/uapi/domestic-stock/v1/trading/order-cash
[2026-02-07 18:01:54.671] 결과: 실패 (모의투자 영업일이 아닙니다.) [Code: 40100000]
[2026-02-07 18:01:54.671] ========================================
[2026-02-07 18:01:55.877] 모니터링 완료. 대기 중...
[2026-02-07 18:02:56.134] 모니터링 주기 시작...
[2026-02-07 18:02:59.018] 매도 실행: SK하이닉스 - 추세이탈(주의) [점수:6, RSI:58.7, ADX:48.1]
[2026-02-07 18:02:59.019] ======== [주문 실행] SELL ========
[2026-02-07 18:02:59.033] 대상: 000660, 수량: 15, 단가: 시장가(0)
[2026-02-07 18:02:59.041] API URL: https://openapivts.koreainvestment.com:29443/uapi/domestic-stock/v1/trading/order-cash
[2026-02-07 18:02:59.588] 결과: 실패 (모의투자 영업일이 아닙니다.) [Code: 40100000]
[2026-02-07 18:02:59.589] ========================================
[2026-02-07 18:03:00.206] 매도 실행: SK텔레콤 - 손절(-11.85%)
[2026-02-07 18:03:00.207] ======== [주문 실행] SELL ========
[2026-02-07 18:03:00.220] 대상: 017670, 수량: 2, 단가: 시장가(0)
[2026-02-07 18:03:00.228] API URL: https://openapivts.koreainvestment.com:29443/uapi/domestic-stock/v1/trading/order-cash
[2026-02-07 18:03:00.525] 결과: 실패 (모의투자 영업일이 아닙니다.) [Code: 40100000]
[2026-02-07 18:03:00.533] ========================================
[2026-02-07 18:03:02.573] 모니터링 완료. 대기 중...
[2026-02-07 18:04:02.803] 모니터링 주기 시작...
[2026-02-07 18:04:04.843] 매도 실행: SK하이닉스 - 추세이탈(주의) [점수:6, RSI:58.7, ADX:48.1]
[2026-02-07 18:04:04.850] ======== [주문 실행] SELL ========
[2026-02-07 18:04:04.857] 대상: 000660, 수량: 15, 단가: 시장가(0)
[2026-02-07 18:04:04.861] API URL: https://openapivts.koreainvestment.com:29443/uapi/domestic-stock/v1/trading/order-cash
[2026-02-07 18:04:05.417] 결과: 실패 (모의투자 영업일이 아닙니다.) [Code: 40100000]
[2026-02-07 18:04:05.425] ========================================
[2026-02-07 18:04:06.035] 매도 실행: SK텔레콤 - 손절(-11.85%)
[2026-02-07 18:04:06.043] ======== [주문 실행] SELL ========
[2026-02-07 18:04:06.050] 대상: 017670, 수량: 2, 단가: 시장가(0)
[2026-02-07 18:04:06.056] API URL: https://openapivts.koreainvestment.com:29443/uapi/domestic-stock/v1/trading/order-cash
[2026-02-07 18:04:06.105] 결과: 실패 (모의투자 영업일이 아닙니다.) [Code: 40100000]
[2026-02-07 18:04:06.113] ========================================
[2026-02-07 18:04:07.305] 모니터링 완료. 대기 중...
[2026-02-07 18:05:07.540] 모니터링 주기 시작...
[2026-02-07 18:05:09.551] 매도 실행: SK하이닉스 - 추세이탈(주의) [점수:6, RSI:58.7, ADX:48.1]
[2026-02-07 18:05:09.559] ======== [주문 실행] SELL ========
[2026-02-07 18:05:09.565] 대상: 000660, 수량: 15, 단가: 시장가(0)
[2026-02-07 18:05:09.570] API URL: https://openapivts.koreainvestment.com:29443/uapi/domestic-stock/v1/trading/order-cash
[2026-02-07 18:05:10.111] 결과: 실패 (모의투자 영업일이 아닙니다.) [Code: 40100000]
[2026-02-07 18:05:10.121] ========================================
[2026-02-07 18:05:10.733] 매도 실행: SK텔레콤 - 손절(-11.85%)
[2026-02-07 18:05:10.743] ======== [주문 실행] SELL ========
[2026-02-07 18:05:10.750] 대상: 017670, 수량: 2, 단가: 시장가(0)
[2026-02-07 18:05:10.758] API URL: https://openapivts.koreainvestment.com:29443/uapi/domestic-stock/v1/trading/order-cash
[2026-02-07 18:05:10.803] 결과: 실패 (모의투자 영업일이 아닙니다.) [Code: 40100000]
[2026-02-07 18:05:10.812] ========================================
[2026-02-07 18:05:12.052] 모니터링 완료. 대기 중...
[2026-02-07 18:06:12.272] 모니터링 주기 시작...
[2026-02-07 18:06:14.970] 매도 실행: SK하이닉스 - 추세이탈(주의) [점수:6, RSI:58.7, ADX:48.1]
[2026-02-07 18:06:14.976] ======== [주문 실행] SELL ========
[2026-02-07 18:06:14.982] 대상: 000660, 수량: 15, 단가: 시장가(0)
[2026-02-07 18:06:14.986] API URL: https://openapivts.koreainvestment.com:29443/uapi/domestic-stock/v1/trading/order-cash
[2026-02-07 18:06:15.549] 결과: 실패 (모의투자 영업일이 아닙니다.) [Code: 40100000]
[2026-02-07 18:06:15.557] ========================================
[2026-02-07 18:06:16.168] 매도 실행: SK텔레콤 - 손절(-11.85%)
[2026-02-07 18:06:16.175] ======== [주문 실행] SELL ========
[2026-02-07 18:06:16.181] 대상: 017670, 수량: 2, 단가: 시장가(0)
[2026-02-07 18:06:16.185] API URL: https://openapivts.koreainvestment.com:29443/uapi/domestic-stock/v1/trading/order-cash
[2026-02-07 18:06:16.237] 결과: 실패 (모의투자 영업일이 아닙니다.) [Code: 40100000]
[2026-02-07 18:06:16.243] ========================================
[2026-02-07 18:06:17.509] 모니터링 완료. 대기 중...
[2026-02-07 18:07:17.749] 모니터링 주기 시작...
[2026-02-07 18:07:19.725] 매도 실행: SK하이닉스 - 추세이탈(주의) [점수:6, RSI:58.7, ADX:48.1]
[2026-02-07 18:07:19.731] ======== [주문 실행] SELL ========
[2026-02-07 18:07:19.737] 대상: 000660, 수량: 15, 단가: 시장가(0)
[2026-02-07 18:07:19.744] API URL: https://openapivts.koreainvestment.com:29443/uapi/domestic-stock/v1/trading/order-cash
[2026-02-07 18:07:20.304] 결과: 실패 (모의투자 영업일이 아닙니다.) [Code: 40100000]
[2026-02-07 18:07:20.314] ========================================
[2026-02-07 18:07:20.922] 매도 실행: SK텔레콤 - 손절(-11.85%)
[2026-02-07 18:07:20.930] ======== [주문 실행] SELL ========
[2026-02-07 18:07:20.937] 대상: 017670, 수량: 2, 단가: 시장가(0)
[2026-02-07 18:07:20.942] API URL: https://openapivts.koreainvestment.com:29443/uapi/domestic-stock/v1/trading/order-cash
[2026-02-07 18:07:20.986] 결과: 실패 (모의투자 영업일이 아닙니다.) [Code: 40100000]
[2026-02-07 18:07:20.995] ========================================
[2026-02-07 18:07:22.185] 모니터링 완료. 대기 중...
[2026-02-07 18:31:03.783] 시스템 시작
[2026-02-07 18:31:03.782] 모니터링 주기 시작...
[2026-02-07 18:31:05.785] 매도 실행: SK하이닉스 - 추세이탈(주의) [점수:6, RSI:58.7, ADX:48.1]
[2026-02-07 18:31:05.790] ======== [주문 실행] SELL ========
[2026-02-07 18:31:05.794] 대상: 000660, 수량: 15, 단가: 시장가(0)
[2026-02-07 18:31:05.799] API URL: https://openapivts.koreainvestment.com:29443/uapi/domestic-stock/v1/trading/order-cash
[2026-02-07 18:31:06.436] 결과: 실패 (모의투자 영업일이 아닙니다.) [Code: 40100000]
[2026-02-07 18:31:06.446] ========================================
[2026-02-07 18:31:07.057] 매도 실행: SK텔레콤 - 손절(-11.85%)
[2026-02-07 18:31:07.067] ======== [주문 실행] SELL ========
[2026-02-07 18:31:07.074] 대상: 017670, 수량: 2, 단가: 시장가(0)
[2026-02-07 18:31:07.081] API URL: https://openapivts.koreainvestment.com:29443/uapi/domestic-stock/v1/trading/order-cash
[2026-02-07 18:31:07.144] 결과: 실패 (모의투자 영업일이 아닙니다.) [Code: 40100000]
[2026-02-07 18:31:07.154] ========================================
[2026-02-07 18:31:08.948] 보유 종목: SK하이닉스(15주, -3.01%), SK텔레콤(2주, -11.85%)
[2026-02-07 18:31:08.956] 총 평가손익: -408,600원
[2026-02-07 18:31:08.962] 모니터링 완료. 대기 중...
[2026-02-07 18:32:09.203] 모니터링 주기 시작...
[2026-02-07 18:32:11.212] 매도 실행: SK하이닉스 - 추세이탈(주의) [점수:6, RSI:58.7, ADX:48.1]
[2026-02-07 18:32:11.219] ======== [주문 실행] SELL ========
[2026-02-07 18:32:11.224] 대상: 000660, 수량: 15, 단가: 시장가(0)
[2026-02-07 18:32:11.228] API URL: https://openapivts.koreainvestment.com:29443/uapi/domestic-stock/v1/trading/order-cash
[2026-02-07 18:32:11.784] 결과: 실패 (모의투자 영업일이 아닙니다.) [Code: 40100000]
[2026-02-07 18:32:11.794] ========================================
[2026-02-07 18:32:12.406] 매도 실행: SK텔레콤 - 손절(-11.85%)
[2026-02-07 18:32:12.415] ======== [주문 실행] SELL ========
[2026-02-07 18:32:12.422] 대상: 017670, 수량: 2, 단가: 시장가(0)
[2026-02-07 18:32:12.430] API URL: https://openapivts.koreainvestment.com:29443/uapi/domestic-stock/v1/trading/order-cash
[2026-02-07 18:32:12.478] 결과: 실패 (모의투자 영업일이 아닙니다.) [Code: 40100000]
[2026-02-07 18:32:12.486] ========================================
[2026-02-07 18:32:14.277] 보유 종목: SK하이닉스(15주, -3.01%), SK텔레콤(2주, -11.85%)
[2026-02-07 18:32:14.283] 총 평가손익: -408,600원
[2026-02-07 18:32:14.290] 모니터링 완료. 대기 중...
[2026-02-07 18:34:35.015] 모니터링 주기 시작...
[2026-02-07 18:34:35.016] 시스템 시작
[2026-02-07 18:34:37.031] 매도 실행: SK하이닉스 - 추세이탈(주의) [점수:6, RSI:58.7, ADX:48.1]
[2026-02-07 18:34:37.032] ======== [주문 실행] SELL ========
[2026-02-07 18:34:37.045] 대상: 000660, 수량: 15, 단가: 시장가(0)
[2026-02-07 18:34:37.053] API URL: https://openapivts.koreainvestment.com:29443/uapi/domestic-stock/v1/trading/order-cash
[2026-02-07 18:34:37.632] 결과: 실패 (모의투자 영업일이 아닙니다.) [Code: 40100000]
[2026-02-07 18:34:37.642] ========================================
[2026-02-07 18:34:38.254] 매도 실행: SK텔레콤 - 손절(-11.85%)
[2026-02-07 18:34:38.256] ======== [주문 실행] SELL ========
[2026-02-07 18:34:38.269] 대상: 017670, 수량: 2, 단가: 시장가(0)
[2026-02-07 18:34:38.279] API URL: https://openapivts.koreainvestment.com:29443/uapi/domestic-stock/v1/trading/order-cash
[2026-02-07 18:34:38.332] 결과: 실패 (모의투자 영업일이 아닙니다.) [Code: 40100000]
[2026-02-07 18:34:38.333] ========================================
[2026-02-07 18:34:40.143] 보유 종목: SK하이닉스(15주, -3.01%), SK텔레콤(2주, -11.85%)
[2026-02-07 18:34:40.144] 총 평가손익: -408,600원
[2026-02-07 18:34:40.157] 모니터링 완료. 대기 중...
[2026-02-07 18:35:40.385] 모니터링 주기 시작...
[2026-02-07 18:35:43.040] 매도 실행: SK하이닉스 - 추세이탈(주의) [점수:6, RSI:58.7, ADX:48.1]
[2026-02-07 18:35:43.041] ======== [주문 실행] SELL ========
[2026-02-07 18:35:43.052] 대상: 000660, 수량: 15, 단가: 시장가(0)
[2026-02-07 18:35:43.061] API URL: https://openapivts.koreainvestment.com:29443/uapi/domestic-stock/v1/trading/order-cash
[2026-02-07 18:35:43.644] 결과: 실패 (모의투자 영업일이 아닙니다.) [Code: 40100000]
[2026-02-07 18:35:43.654] ========================================
[2026-02-07 18:35:44.266] 매도 실행: SK텔레콤 - 손절(-11.85%)
[2026-02-07 18:35:44.267] ======== [주문 실행] SELL ========
[2026-02-07 18:35:44.279] 대상: 017670, 수량: 2, 단가: 시장가(0)
[2026-02-07 18:35:44.289] API URL: https://openapivts.koreainvestment.com:29443/uapi/domestic-stock/v1/trading/order-cash
[2026-02-07 18:35:44.344] 결과: 실패 (모의투자 영업일이 아닙니다.) [Code: 40100000]
[2026-02-07 18:35:44.346] ========================================
[2026-02-07 18:35:46.155] 보유 종목: SK하이닉스(15주, -3.01%), SK텔레콤(2주, -11.85%)
[2026-02-07 18:35:46.157] 총 평가손익: -408,600원
[2026-02-07 18:35:46.171] 모니터링 완료. 대기 중...
[2026-02-07 18:36:46.414] 모니터링 주기 시작...
[2026-02-07 18:36:48.416] 매도 실행: SK하이닉스 - 추세이탈(주의) [점수:6, RSI:58.7, ADX:48.1]
[2026-02-07 18:36:48.417] ======== [주문 실행] SELL ========
[2026-02-07 18:36:48.430] 대상: 000660, 수량: 15, 단가: 시장가(0)
[2026-02-07 18:36:48.440] API URL: https://openapivts.koreainvestment.com:29443/uapi/domestic-stock/v1/trading/order-cash
[2026-02-07 18:36:48.969] 결과: 실패 (모의투자 영업일이 아닙니다.) [Code: 40100000]
[2026-02-07 18:36:48.971] ========================================
[2026-02-07 18:36:49.590] 매도 실행: SK텔레콤 - 손절(-11.85%)
[2026-02-07 18:36:49.591] ======== [주문 실행] SELL ========
[2026-02-07 18:36:49.604] 대상: 017670, 수량: 2, 단가: 시장가(0)
[2026-02-07 18:36:49.613] API URL: https://openapivts.koreainvestment.com:29443/uapi/domestic-stock/v1/trading/order-cash
[2026-02-07 18:36:49.659] 결과: 실패 (모의투자 영업일이 아닙니다.) [Code: 40100000]
[2026-02-07 18:36:49.660] ========================================
[2026-02-07 18:36:51.515] 보유 종목: SK하이닉스(15주, -3.01%), SK텔레콤(2주, -11.85%)
[2026-02-07 18:36:51.516] 총 평가손익: -408,600원
[2026-02-07 18:36:51.531] 모니터링 완료. 대기 중...
[2026-02-07 18:37:51.768] 모니터링 주기 시작...
[2026-02-07 18:37:53.766] 매도 실행: SK하이닉스 - 추세이탈(주의) [점수:6, RSI:58.7, ADX:48.1]
[2026-02-07 18:37:53.767] ======== [주문 실행] SELL ========
[2026-02-07 18:37:53.781] 대상: 000660, 수량: 15, 단가: 시장가(0)
[2026-02-07 18:37:53.789] API URL: https://openapivts.koreainvestment.com:29443/uapi/domestic-stock/v1/trading/order-cash
[2026-02-07 18:37:54.330] 결과: 실패 (모의투자 영업일이 아닙니다.) [Code: 40100000]
[2026-02-07 18:37:54.331] ========================================
[2026-02-07 18:37:54.949] 매도 실행: SK텔레콤 - 손절(-11.85%)
[2026-02-07 18:37:54.951] ======== [주문 실행] SELL ========
[2026-02-07 18:37:54.964] 대상: 017670, 수량: 2, 단가: 시장가(0)
[2026-02-07 18:37:54.972] API URL: https://openapivts.koreainvestment.com:29443/uapi/domestic-stock/v1/trading/order-cash
[2026-02-07 18:37:55.015] 결과: 실패 (모의투자 영업일이 아닙니다.) [Code: 40100000]
[2026-02-07 18:37:55.016] ========================================
[2026-02-07 18:37:56.819] 보유 종목: SK하이닉스(15주, -3.01%), SK텔레콤(2주, -11.85%)
[2026-02-07 18:37:56.820] 총 평가손익: -408,600원
[2026-02-07 18:37:56.833] 모니터링 완료. 대기 중...
[2026-02-07 18:38:57.041] 모니터링 주기 시작...
[2026-02-07 18:38:59.030] 매도 실행: SK하이닉스 - 추세이탈(주의) [점수:6, RSI:58.7, ADX:48.1]
[2026-02-07 18:38:59.031] ======== [주문 실행] SELL ========
[2026-02-07 18:38:59.044] 대상: 000660, 수량: 15, 단가: 시장가(0)
[2026-02-07 18:38:59.048] API URL: https://openapivts.koreainvestment.com:29443/uapi/domestic-stock/v1/trading/order-cash
[2026-02-07 18:38:59.594] 결과: 실패 (모의투자 영업일이 아닙니다.) [Code: 40100000]
[2026-02-07 18:38:59.602] ========================================
[2026-02-07 18:39:00.218] 매도 실행: SK텔레콤 - 손절(-11.85%)
[2026-02-07 18:39:00.219] ======== [주문 실행] SELL ========
[2026-02-07 18:39:00.233] 대상: 017670, 수량: 2, 단가: 시장가(0)
[2026-02-07 18:39:00.242] API URL: https://openapivts.koreainvestment.com:29443/uapi/domestic-stock/v1/trading/order-cash
[2026-02-07 18:39:00.289] 결과: 실패 (모의투자 영업일이 아닙니다.) [Code: 40100000]
[2026-02-07 18:39:00.290] ========================================
[2026-02-07 18:39:02.102] 보유 종목: SK하이닉스(15주, -3.01%), SK텔레콤(2주, -11.85%)
[2026-02-07 18:39:02.103] 총 평가손익: -408,600원
[2026-02-07 18:39:02.118] 모니터링 완료. 대기 중...
[2026-02-07 18:40:02.346] 모니터링 주기 시작...
[2026-02-07 18:40:04.327] 매도 실행: SK하이닉스 - 추세이탈(주의) [점수:6, RSI:58.7, ADX:48.1]
[2026-02-07 18:40:04.328] ======== [주문 실행] SELL ========
[2026-02-07 18:40:04.338] 대상: 000660, 수량: 15, 단가: 시장가(0)
[2026-02-07 18:40:04.348] API URL: https://openapivts.koreainvestment.com:29443/uapi/domestic-stock/v1/trading/order-cash
[2026-02-07 18:40:04.882] 결과: 실패 (모의투자 영업일이 아닙니다.) [Code: 40100000]
[2026-02-07 18:40:04.888] ========================================
[2026-02-07 18:40:05.497] 매도 실행: SK텔레콤 - 손절(-11.85%)
[2026-02-07 18:40:05.498] ======== [주문 실행] SELL ========
[2026-02-07 18:40:05.507] 대상: 017670, 수량: 2, 단가: 시장가(0)
[2026-02-07 18:40:05.518] API URL: https://openapivts.koreainvestment.com:29443/uapi/domestic-stock/v1/trading/order-cash
[2026-02-07 18:40:05.566] 결과: 실패 (모의투자 영업일이 아닙니다.) [Code: 40100000]
[2026-02-07 18:40:05.567] ========================================
[2026-02-07 18:40:07.374] 보유 종목: SK하이닉스(15주, -3.01%), SK텔레콤(2주, -11.85%)
[2026-02-07 18:40:07.375] 총 평가손익: -408,600원
[2026-02-07 18:40:07.383] 모니터링 완료. 대기 중...
[2026-02-07 18:41:05.222] 모니터링 주기 시작...
[2026-02-07 18:41:05.223] 시스템 시작
[2026-02-07 18:41:07.224] 매도 실행: SK하이닉스 - 추세이탈(주의) [점수:6, RSI:58.7, ADX:48.1]
[2026-02-07 18:41:07.225] ======== [주문 실행] SELL ========
[2026-02-07 18:41:07.232] 대상: 000660, 수량: 15, 단가: 시장가(0)
[2026-02-07 18:41:07.236] API URL: https://openapivts.koreainvestment.com:29443/uapi/domestic-stock/v1/trading/order-cash
[2026-02-07 18:41:07.780] 결과: 실패 (모의투자 영업일이 아닙니다.) [Code: 40100000]
[2026-02-07 18:41:07.782] ========================================
[2026-02-07 18:41:08.398] 매도 실행: SK텔레콤 - 손절(-11.85%)
[2026-02-07 18:41:08.399] ======== [주문 실행] SELL ========
[2026-02-07 18:41:08.407] 대상: 017670, 수량: 2, 단가: 시장가(0)
[2026-02-07 18:41:08.413] API URL: https://openapivts.koreainvestment.com:29443/uapi/domestic-stock/v1/trading/order-cash
[2026-02-07 18:41:08.464] 결과: 실패 (모의투자 영업일이 아닙니다.) [Code: 40100000]
[2026-02-07 18:41:08.465] ========================================
[2026-02-07 18:41:10.280] 보유 종목: SK하이닉스(15주, -3.01%), SK텔레콤(2주, -11.85%)
[2026-02-07 18:41:10.281] 총 평가손익: -408,600원
[2026-02-07 18:41:10.289] 모니터링 완료. 대기 중...
[2026-02-07 18:42:10.537] 모니터링 주기 시작...
[2026-02-07 18:42:12.508] 매도 실행: SK하이닉스 - 추세이탈(주의) [점수:6, RSI:58.7, ADX:48.1]
[2026-02-07 18:42:12.509] ======== [주문 실행] SELL ========
[2026-02-07 18:42:12.520] 대상: 000660, 수량: 15, 단가: 시장가(0)
[2026-02-07 18:42:12.528] API URL: https://openapivts.koreainvestment.com:29443/uapi/domestic-stock/v1/trading/order-cash
[2026-02-07 18:42:13.080] 결과: 실패 (모의투자 영업일이 아닙니다.) [Code: 40100000]
[2026-02-07 18:42:13.090] ========================================
[2026-02-07 18:42:13.705] 매도 실행: SK텔레콤 - 손절(-11.85%)
[2026-02-07 18:42:13.707] ======== [주문 실행] SELL ========
[2026-02-07 18:42:13.717] 대상: 017670, 수량: 2, 단가: 시장가(0)
[2026-02-07 18:42:13.725] API URL: https://openapivts.koreainvestment.com:29443/uapi/domestic-stock/v1/trading/order-cash
[2026-02-07 18:42:13.778] 결과: 실패 (모의투자 영업일이 아닙니다.) [Code: 40100000]
[2026-02-07 18:42:13.779] ========================================
[2026-02-07 18:42:15.605] 보유 종목: SK하이닉스(15주, -3.01%), SK텔레콤(2주, -11.85%)
[2026-02-07 18:42:15.606] 총 평가손익: -408,600원
[2026-02-07 18:42:15.620] 모니터링 완료. 대기 중...
[2026-02-07 18:43:15.838] 모니터링 주기 시작...
[2026-02-07 18:43:17.824] 매도 실행: SK하이닉스 - 추세이탈(주의) [점수:6, RSI:58.7, ADX:48.1]
[2026-02-07 18:43:17.825] ======== [주문 실행] SELL ========
[2026-02-07 18:43:17.838] 대상: 000660, 수량: 15, 단가: 시장가(0)
[2026-02-07 18:43:17.843] API URL: https://openapivts.koreainvestment.com:29443/uapi/domestic-stock/v1/trading/order-cash
[2026-02-07 18:43:18.388] 결과: 실패 (모의투자 영업일이 아닙니다.) [Code: 40100000]
[2026-02-07 18:43:18.398] ========================================
[2026-02-07 18:43:19.014] 매도 실행: SK텔레콤 - 손절(-11.85%)
[2026-02-07 18:43:19.015] ======== [주문 실행] SELL ========
[2026-02-07 18:43:19.026] 대상: 017670, 수량: 2, 단가: 시장가(0)
[2026-02-07 18:43:19.036] API URL: https://openapivts.koreainvestment.com:29443/uapi/domestic-stock/v1/trading/order-cash
[2026-02-07 18:43:19.084] 결과: 실패 (모의투자 영업일이 아닙니다.) [Code: 40100000]
[2026-02-07 18:43:19.085] ========================================
[2026-02-07 18:43:20.897] 보유 종목: SK하이닉스(15주, -3.01%), SK텔레콤(2주, -11.85%)
[2026-02-07 18:43:20.898] 총 평가손익: -408,600원
[2026-02-07 18:43:20.912] 모니터링 완료. 대기 중...
[2026-02-07 18:44:21.139] 모니터링 주기 시작...
[2026-02-07 18:44:23.121] 매도 실행: SK하이닉스 - 추세이탈(주의) [점수:6, RSI:58.7, ADX:48.1]
[2026-02-07 18:44:23.122] ======== [주문 실행] SELL ========
[2026-02-07 18:44:23.137] 대상: 000660, 수량: 15, 단가: 시장가(0)
[2026-02-07 18:44:23.141] API URL: https://openapivts.koreainvestment.com:29443/uapi/domestic-stock/v1/trading/order-cash
[2026-02-07 18:44:23.681] 결과: 실패 (모의투자 영업일이 아닙니다.) [Code: 40100000]
[2026-02-07 18:44:23.691] ========================================
[2026-02-07 18:44:24.308] 매도 실행: SK텔레콤 - 손절(-11.85%)
[2026-02-07 18:44:24.310] ======== [주문 실행] SELL ========
[2026-02-07 18:44:24.323] 대상: 017670, 수량: 2, 단가: 시장가(0)
[2026-02-07 18:44:24.331] API URL: https://openapivts.koreainvestment.com:29443/uapi/domestic-stock/v1/trading/order-cash
[2026-02-07 18:44:24.380] 결과: 실패 (모의투자 영업일이 아닙니다.) [Code: 40100000]
[2026-02-07 18:44:24.381] ========================================
[2026-02-07 18:44:26.198] 보유 종목: SK하이닉스(15주, -3.01%), SK텔레콤(2주, -11.85%)
[2026-02-07 18:44:26.200] 총 평가손익: -408,600원
[2026-02-07 18:44:26.213] 모니터링 완료. 대기 중...
[2026-02-07 18:45:26.449] 모니터링 주기 시작...
[2026-02-07 18:45:28.434] 매도 실행: SK하이닉스 - 추세이탈(주의) [점수:6, RSI:58.7, ADX:48.1]
[2026-02-07 18:45:28.435] ======== [주문 실행] SELL ========
[2026-02-07 18:45:28.448] 대상: 000660, 수량: 15, 단가: 시장가(0)
[2026-02-07 18:45:28.457] API URL: https://openapivts.koreainvestment.com:29443/uapi/domestic-stock/v1/trading/order-cash
[2026-02-07 18:45:29.000] 결과: 실패 (모의투자 영업일이 아닙니다.) [Code: 40100000]
[2026-02-07 18:45:29.001] ========================================
[2026-02-07 18:45:29.621] 매도 실행: SK텔레콤 - 손절(-11.85%)
[2026-02-07 18:45:29.622] ======== [주문 실행] SELL ========
[2026-02-07 18:45:29.636] 대상: 017670, 수량: 2, 단가: 시장가(0)
[2026-02-07 18:45:29.644] API URL: https://openapivts.koreainvestment.com:29443/uapi/domestic-stock/v1/trading/order-cash
[2026-02-07 18:45:29.691] 결과: 실패 (모의투자 영업일이 아닙니다.) [Code: 40100000]
[2026-02-07 18:45:29.692] ========================================
[2026-02-07 18:45:31.514] 보유 종목: SK하이닉스(15주, -3.01%), SK텔레콤(2주, -11.85%)
[2026-02-07 18:45:31.515] 총 평가손익: -408,600원
[2026-02-07 18:45:31.527] 모니터링 완료. 대기 중...
[2026-02-07 18:46:31.757] 모니터링 주기 시작...
[2026-02-07 18:46:33.736] 매도 실행: SK하이닉스 - 추세이탈(주의) [점수:6, RSI:58.7, ADX:48.1]
[2026-02-07 18:46:33.737] ======== [주문 실행] SELL ========
[2026-02-07 18:46:33.750] 대상: 000660, 수량: 15, 단가: 시장가(0)
[2026-02-07 18:46:33.758] API URL: https://openapivts.koreainvestment.com:29443/uapi/domestic-stock/v1/trading/order-cash
[2026-02-07 18:46:34.298] 결과: 실패 (모의투자 영업일이 아닙니다.) [Code: 40100000]
[2026-02-07 18:46:34.299] ========================================
[2026-02-07 18:46:34.916] 매도 실행: SK텔레콤 - 손절(-11.85%)
[2026-02-07 18:46:34.918] ======== [주문 실행] SELL ========
[2026-02-07 18:46:34.932] 대상: 017670, 수량: 2, 단가: 시장가(0)
[2026-02-07 18:46:34.941] API URL: https://openapivts.koreainvestment.com:29443/uapi/domestic-stock/v1/trading/order-cash
[2026-02-07 18:46:34.991] 결과: 실패 (모의투자 영업일이 아닙니다.) [Code: 40100000]
[2026-02-07 18:46:34.992] ========================================
[2026-02-07 18:46:36.794] 보유 종목: SK하이닉스(15주, -3.01%), SK텔레콤(2주, -11.85%)
[2026-02-07 18:46:36.795] 총 평가손익: -408,600원
[2026-02-07 18:46:36.810] 모니터링 완료. 대기 중...
[2026-02-07 18:47:37.058] 모니터링 주기 시작...
[2026-02-07 18:47:39.064] 매도 실행: SK하이닉스 - 추세이탈(주의) [점수:6, RSI:58.7, ADX:48.1]
[2026-02-07 18:47:39.065] ======== [주문 실행] SELL ========
[2026-02-07 18:47:39.079] 대상: 000660, 수량: 15, 단가: 시장가(0)
[2026-02-07 18:47:39.087] API URL: https://openapivts.koreainvestment.com:29443/uapi/domestic-stock/v1/trading/order-cash
[2026-02-07 18:47:39.626] 결과: 실패 (모의투자 영업일이 아닙니다.) [Code: 40100000]
[2026-02-07 18:47:39.628] ========================================
[2026-02-07 18:47:40.245] 매도 실행: SK텔레콤 - 손절(-11.85%)
[2026-02-07 18:47:40.247] ======== [주문 실행] SELL ========
[2026-02-07 18:47:40.260] 대상: 017670, 수량: 2, 단가: 시장가(0)
[2026-02-07 18:47:40.268] API URL: https://openapivts.koreainvestment.com:29443/uapi/domestic-stock/v1/trading/order-cash
[2026-02-07 18:47:40.324] 결과: 실패 (모의투자 영업일이 아닙니다.) [Code: 40100000]
[2026-02-07 18:47:40.326] ========================================
[2026-02-07 18:47:42.145] 보유 종목: SK하이닉스(15주, -3.01%), SK텔레콤(2주, -11.85%)
[2026-02-07 18:47:42.147] 총 평가손익: -408,600원
[2026-02-07 18:47:42.161] 모니터링 완료. 대기 중...
[2026-02-07 18:48:42.402] 모니터링 주기 시작...
[2026-02-07 18:48:44.404] 매도 실행: SK하이닉스 - 추세이탈(주의) [점수:6, RSI:58.7, ADX:48.1]
[2026-02-07 18:48:44.405] ======== [주문 실행] SELL ========
[2026-02-07 18:48:44.419] 대상: 000660, 수량: 15, 단가: 시장가(0)
[2026-02-07 18:48:44.424] API URL: https://openapivts.koreainvestment.com:29443/uapi/domestic-stock/v1/trading/order-cash
[2026-02-07 18:48:44.966] 결과: 실패 (모의투자 영업일이 아닙니다.) [Code: 40100000]
[2026-02-07 18:48:44.967] ========================================
[2026-02-07 18:48:45.582] 매도 실행: SK텔레콤 - 손절(-11.85%)
[2026-02-07 18:48:45.584] ======== [주문 실행] SELL ========
[2026-02-07 18:48:45.598] 대상: 017670, 수량: 2, 단가: 시장가(0)
[2026-02-07 18:48:45.606] API URL: https://openapivts.koreainvestment.com:29443/uapi/domestic-stock/v1/trading/order-cash
[2026-02-07 18:48:45.655] 결과: 실패 (모의투자 영업일이 아닙니다.) [Code: 40100000]
[2026-02-07 18:48:45.656] ========================================
[2026-02-07 18:48:47.475] 보유 종목: SK하이닉스(15주, -3.01%), SK텔레콤(2주, -11.85%)
[2026-02-07 18:48:47.477] 총 평가손익: -408,600원
[2026-02-07 18:48:47.490] 모니터링 완료. 대기 중...
[2026-02-07 18:49:47.727] 모니터링 주기 시작...
[2026-02-07 18:49:49.711] 매도 실행: SK하이닉스 - 추세이탈(주의) [점수:6, RSI:58.7, ADX:48.1]
[2026-02-07 18:49:49.713] ======== [주문 실행] SELL ========
[2026-02-07 18:49:49.725] 대상: 000660, 수량: 15, 단가: 시장가(0)
[2026-02-07 18:49:49.734] API URL: https://openapivts.koreainvestment.com:29443/uapi/domestic-stock/v1/trading/order-cash
[2026-02-07 18:49:50.275] 결과: 실패 (모의투자 영업일이 아닙니다.) [Code: 40100000]
[2026-02-07 18:49:50.276] ========================================
[2026-02-07 18:49:50.893] 매도 실행: SK텔레콤 - 손절(-11.85%)
[2026-02-07 18:49:50.895] ======== [주문 실행] SELL ========
[2026-02-07 18:49:50.909] 대상: 017670, 수량: 2, 단가: 시장가(0)
[2026-02-07 18:49:50.918] API URL: https://openapivts.koreainvestment.com:29443/uapi/domestic-stock/v1/trading/order-cash
[2026-02-07 18:49:50.965] 결과: 실패 (모의투자 영업일이 아닙니다.) [Code: 40100000]
[2026-02-07 18:49:50.966] ========================================
[2026-02-07 18:49:52.787] 보유 종목: SK하이닉스(15주, -3.01%), SK텔레콤(2주, -11.85%)
[2026-02-07 18:49:52.788] 총 평가손익: -408,600원
[2026-02-07 18:49:52.802] 모니터링 완료. 대기 중...
[2026-02-07 18:50:53.049] 모니터링 주기 시작...
[2026-02-07 18:50:55.041] 매도 실행: SK하이닉스 - 추세이탈(주의) [점수:6, RSI:58.7, ADX:48.1]
[2026-02-07 18:50:55.042] ======== [주문 실행] SELL ========
[2026-02-07 18:50:55.052] 대상: 000660, 수량: 15, 단가: 시장가(0)
[2026-02-07 18:50:55.060] API URL: https://openapivts.koreainvestment.com:29443/uapi/domestic-stock/v1/trading/order-cash
[2026-02-07 18:50:55.601] 결과: 실패 (모의투자 영업일이 아닙니다.) [Code: 40100000]
[2026-02-07 18:50:55.602] ========================================
[2026-02-07 18:50:56.219] 매도 실행: SK텔레콤 - 손절(-11.85%)
[2026-02-07 18:50:56.220] ======== [주문 실행] SELL ========
[2026-02-07 18:50:56.234] 대상: 017670, 수량: 2, 단가: 시장가(0)
[2026-02-07 18:50:56.247] API URL: https://openapivts.koreainvestment.com:29443/uapi/domestic-stock/v1/trading/order-cash
[2026-02-07 18:50:56.297] 결과: 실패 (모의투자 영업일이 아닙니다.) [Code: 40100000]
[2026-02-07 18:50:56.298] ========================================
[2026-02-07 18:50:58.101] 보유 종목: SK하이닉스(15주, -3.01%), SK텔레콤(2주, -11.85%)
[2026-02-07 18:50:58.102] 총 평가손익: -408,600원
[2026-02-07 18:50:58.116] 모니터링 완료. 대기 중...
[2026-02-07 18:51:58.385] 모니터링 주기 시작...
[2026-02-07 18:52:00.382] 매도 실행: SK하이닉스 - 추세이탈(주의) [점수:6, RSI:58.7, ADX:48.1]
[2026-02-07 18:52:00.383] ======== [주문 실행] SELL ========
[2026-02-07 18:52:00.397] 대상: 000660, 수량: 15, 단가: 시장가(0)
[2026-02-07 18:52:00.406] API URL: https://openapivts.koreainvestment.com:29443/uapi/domestic-stock/v1/trading/order-cash
[2026-02-07 18:52:00.946] 결과: 실패 (모의투자 영업일이 아닙니다.) [Code: 40100000]
[2026-02-07 18:52:00.955] ========================================
[2026-02-07 18:52:01.570] 매도 실행: SK텔레콤 - 손절(-11.85%)
[2026-02-07 18:52:01.572] ======== [주문 실행] SELL ========
[2026-02-07 18:52:01.586] 대상: 017670, 수량: 2, 단가: 시장가(0)
[2026-02-07 18:52:01.595] API URL: https://openapivts.koreainvestment.com:29443/uapi/domestic-stock/v1/trading/order-cash
[2026-02-07 18:52:01.645] 결과: 실패 (모의투자 영업일이 아닙니다.) [Code: 40100000]
[2026-02-07 18:52:01.646] ========================================
[2026-02-07 18:52:03.454] 보유 종목: SK하이닉스(15주, -3.01%), SK텔레콤(2주, -11.85%)
[2026-02-07 18:52:03.455] 총 평가손익: -408,600원
[2026-02-07 18:52:03.468] 모니터링 완료. 대기 중...
[2026-02-07 18:53:03.698] 모니터링 주기 시작...
[2026-02-07 18:53:05.691] 매도 실행: SK하이닉스 - 추세이탈(주의) [점수:6, RSI:58.7, ADX:48.1]
[2026-02-07 18:53:05.692] ======== [주문 실행] SELL ========
[2026-02-07 18:53:05.705] 대상: 000660, 수량: 15, 단가: 시장가(0)
[2026-02-07 18:53:05.716] API URL: https://openapivts.koreainvestment.com:29443/uapi/domestic-stock/v1/trading/order-cash
[2026-02-07 18:53:06.253] 결과: 실패 (모의투자 영업일이 아닙니다.) [Code: 40100000]
[2026-02-07 18:53:06.263] ========================================
[2026-02-07 18:53:06.878] 매도 실행: SK텔레콤 - 손절(-11.85%)
[2026-02-07 18:53:06.880] ======== [주문 실행] SELL ========
[2026-02-07 18:53:06.894] 대상: 017670, 수량: 2, 단가: 시장가(0)
[2026-02-07 18:53:06.902] API URL: https://openapivts.koreainvestment.com:29443/uapi/domestic-stock/v1/trading/order-cash
[2026-02-07 18:53:06.948] 결과: 실패 (모의투자 영업일이 아닙니다.) [Code: 40100000]
[2026-02-07 18:53:06.949] ========================================
[2026-02-07 18:53:08.761] 보유 종목: SK하이닉스(15주, -3.01%), SK텔레콤(2주, -11.85%)
[2026-02-07 18:53:08.763] 총 평가손익: -408,600원
[2026-02-07 18:53:08.776] 모니터링 완료. 대기 중...
[2026-02-07 18:54:08.992] 모니터링 주기 시작...
[2026-02-07 18:54:10.989] 매도 실행: SK하이닉스 - 추세이탈(주의) [점수:6, RSI:58.7, ADX:48.1]
[2026-02-07 18:54:10.990] ======== [주문 실행] SELL ========
[2026-02-07 18:54:11.003] 대상: 000660, 수량: 15, 단가: 시장가(0)
[2026-02-07 18:54:11.010] API URL: https://openapivts.koreainvestment.com:29443/uapi/domestic-stock/v1/trading/order-cash
[2026-02-07 18:54:11.559] 결과: 실패 (모의투자 영업일이 아닙니다.) [Code: 40100000]
[2026-02-07 18:54:11.569] ========================================
[2026-02-07 18:54:12.182] 매도 실행: SK텔레콤 - 손절(-11.85%)
[2026-02-07 18:54:12.183] ======== [주문 실행] SELL ========
[2026-02-07 18:54:12.195] 대상: 017670, 수량: 2, 단가: 시장가(0)
[2026-02-07 18:54:12.203] API URL: https://openapivts.koreainvestment.com:29443/uapi/domestic-stock/v1/trading/order-cash
[2026-02-07 18:54:12.251] 결과: 실패 (모의투자 영업일이 아닙니다.) [Code: 40100000]
[2026-02-07 18:54:12.252] ========================================
[2026-02-07 18:54:14.053] 보유 종목: SK하이닉스(15주, -3.01%), SK텔레콤(2주, -11.85%)
[2026-02-07 18:54:14.054] 총 평가손익: -408,600원
[2026-02-07 18:54:14.068] 모니터링 완료. 대기 중...
[2026-02-07 18:55:14.281] 모니터링 주기 시작...
[2026-02-07 18:55:16.277] 매도 실행: SK하이닉스 - 추세이탈(주의) [점수:6, RSI:58.7, ADX:48.1]
[2026-02-07 18:55:16.278] ======== [주문 실행] SELL ========
[2026-02-07 18:55:16.292] 대상: 000660, 수량: 15, 단가: 시장가(0)
[2026-02-07 18:55:16.297] API URL: https://openapivts.koreainvestment.com:29443/uapi/domestic-stock/v1/trading/order-cash
[2026-02-07 18:55:16.839] 결과: 실패 (모의투자 영업일이 아닙니다.) [Code: 40100000]
[2026-02-07 18:55:16.849] ========================================
[2026-02-07 18:55:17.465] 매도 실행: SK텔레콤 - 손절(-11.85%)
[2026-02-07 18:55:17.467] ======== [주문 실행] SELL ========
[2026-02-07 18:55:17.481] 대상: 017670, 수량: 2, 단가: 시장가(0)
[2026-02-07 18:55:17.491] API URL: https://openapivts.koreainvestment.com:29443/uapi/domestic-stock/v1/trading/order-cash
[2026-02-07 18:55:17.539] 결과: 실패 (모의투자 영업일이 아닙니다.) [Code: 40100000]
[2026-02-07 18:55:17.540] ========================================
[2026-02-07 18:55:19.343] 보유 종목: SK하이닉스(15주, -3.01%), SK텔레콤(2주, -11.85%)
[2026-02-07 18:55:19.345] 총 평가손익: -408,600원
[2026-02-07 18:55:19.357] 모니터링 완료. 대기 중...
[2026-02-07 18:56:19.640] 모니터링 주기 시작...
[2026-02-07 18:56:21.642] 매도 실행: SK하이닉스 - 추세이탈(주의) [점수:6, RSI:58.7, ADX:48.1]
[2026-02-07 18:56:21.643] ======== [주문 실행] SELL ========
[2026-02-07 18:56:21.652] 대상: 000660, 수량: 15, 단가: 시장가(0)
[2026-02-07 18:56:21.660] API URL: https://openapivts.koreainvestment.com:29443/uapi/domestic-stock/v1/trading/order-cash
[2026-02-07 18:56:22.208] 결과: 실패 (모의투자 영업일이 아닙니다.) [Code: 40100000]
[2026-02-07 18:56:22.209] ========================================
[2026-02-07 18:56:22.828] 매도 실행: SK텔레콤 - 손절(-11.85%)
[2026-02-07 18:56:22.829] ======== [주문 실행] SELL ========
[2026-02-07 18:56:22.839] 대상: 017670, 수량: 2, 단가: 시장가(0)
[2026-02-07 18:56:22.846] API URL: https://openapivts.koreainvestment.com:29443/uapi/domestic-stock/v1/trading/order-cash
[2026-02-07 18:56:22.907] 결과: 실패 (모의투자 영업일이 아닙니다.) [Code: 40100000]
[2026-02-07 18:56:22.908] ========================================
[2026-02-07 18:56:24.714] 보유 종목: SK하이닉스(15주, -3.01%), SK텔레콤(2주, -11.85%)
[2026-02-07 18:56:24.715] 총 평가손익: -408,600원
[2026-02-07 18:56:24.726] 모니터링 완료. 대기 중...
[2026-02-07 18:57:25.115] 모니터링 주기 시작...
[2026-02-07 18:57:27.090] 매도 실행: SK하이닉스 - 추세이탈(주의) [점수:6, RSI:58.7, ADX:48.1]
[2026-02-07 18:57:27.091] ======== [주문 실행] SELL ========
[2026-02-07 18:57:27.101] 대상: 000660, 수량: 15, 단가: 시장가(0)
[2026-02-07 18:57:27.105] API URL: https://openapivts.koreainvestment.com:29443/uapi/domestic-stock/v1/trading/order-cash
[2026-02-07 18:57:27.667] 결과: 실패 (모의투자 영업일이 아닙니다.) [Code: 40100000]
[2026-02-07 18:57:27.673] ========================================
[2026-02-07 18:57:28.288] 매도 실행: SK텔레콤 - 손절(-11.85%)
[2026-02-07 18:57:28.290] ======== [주문 실행] SELL ========
[2026-02-07 18:57:28.299] 대상: 017670, 수량: 2, 단가: 시장가(0)
[2026-02-07 18:57:28.307] API URL: https://openapivts.koreainvestment.com:29443/uapi/domestic-stock/v1/trading/order-cash
[2026-02-07 18:57:28.359] 결과: 실패 (모의투자 영업일이 아닙니다.) [Code: 40100000]
[2026-02-07 18:57:28.361] ========================================
[2026-02-07 18:57:30.167] 보유 종목: SK하이닉스(15주, -3.01%), SK텔레콤(2주, -11.85%)
[2026-02-07 18:57:30.169] 총 평가손익: -408,600원
[2026-02-07 18:57:30.178] 모니터링 완료. 대기 중...
[2026-02-07 18:58:30.575] 모니터링 주기 시작...
[2026-02-07 18:58:32.634] 매도 실행: SK하이닉스 - 추세이탈(주의) [점수:6, RSI:58.7, ADX:48.1]
[2026-02-07 18:58:32.635] ======== [주문 실행] SELL ========
[2026-02-07 18:58:32.649] 대상: 000660, 수량: 15, 단가: 시장가(0)
[2026-02-07 18:58:32.657] API URL: https://openapivts.koreainvestment.com:29443/uapi/domestic-stock/v1/trading/order-cash
[2026-02-07 18:58:33.280] 결과: 실패 (모의투자 영업일이 아닙니다.) [Code: 40100000]
[2026-02-07 18:58:33.289] ========================================
[2026-02-07 18:58:33.912] 매도 실행: SK텔레콤 - 손절(-11.85%)
[2026-02-07 18:58:33.913] ======== [주문 실행] SELL ========
[2026-02-07 18:58:33.928] 대상: 017670, 수량: 2, 단가: 시장가(0)
[2026-02-07 18:58:33.936] API URL: https://openapivts.koreainvestment.com:29443/uapi/domestic-stock/v1/trading/order-cash
[2026-02-07 18:58:33.983] 결과: 실패 (모의투자 영업일이 아닙니다.) [Code: 40100000]
[2026-02-07 18:58:33.985] ========================================
[2026-02-07 18:58:35.876] 보유 종목: SK하이닉스(15주, -3.01%), SK텔레콤(2주, -11.85%)
[2026-02-07 18:58:35.877] 총 평가손익: -408,600원
[2026-02-07 18:58:35.892] 모니터링 완료. 대기 중...
[2026-02-07 18:59:36.330] 모니터링 주기 시작...
[2026-02-07 18:59:38.320] 매도 실행: SK하이닉스 - 추세이탈(주의) [점수:6, RSI:58.7, ADX:48.1]
[2026-02-07 18:59:38.321] ======== [주문 실행] SELL ========
[2026-02-07 18:59:38.327] 대상: 000660, 수량: 15, 단가: 시장가(0)
[2026-02-07 18:59:38.330] API URL: https://openapivts.koreainvestment.com:29443/uapi/domestic-stock/v1/trading/order-cash
[2026-02-07 18:59:38.886] 결과: 실패 (모의투자 영업일이 아닙니다.) [Code: 40100000]
[2026-02-07 18:59:38.888] ========================================
[2026-02-07 18:59:39.498] 매도 실행: SK텔레콤 - 손절(-11.85%)
[2026-02-07 18:59:39.499] ======== [주문 실행] SELL ========
[2026-02-07 18:59:39.507] 대상: 017670, 수량: 2, 단가: 시장가(0)
[2026-02-07 18:59:39.513] API URL: https://openapivts.koreainvestment.com:29443/uapi/domestic-stock/v1/trading/order-cash
[2026-02-07 18:59:39.558] 결과: 실패 (모의투자 영업일이 아닙니다.) [Code: 40100000]
[2026-02-07 18:59:39.559] ========================================
[2026-02-07 18:59:41.365] 보유 종목: SK하이닉스(15주, -3.01%), SK텔레콤(2주, -11.85%)
[2026-02-07 18:59:41.366] 총 평가손익: -408,600원
[2026-02-07 18:59:41.374] 모니터링 완료. 대기 중...
[2026-02-07 19:00:41.767] 모니터링 주기 시작...
[2026-02-07 19:00:43.773] 매도 실행: SK하이닉스 - 추세이탈(주의) [점수:6, RSI:58.7, ADX:48.1]
[2026-02-07 19:00:43.774] ======== [주문 실행] SELL ========
[2026-02-07 19:00:43.787] 대상: 000660, 수량: 15, 단가: 시장가(0)
[2026-02-07 19:00:43.792] API URL: https://openapivts.koreainvestment.com:29443/uapi/domestic-stock/v1/trading/order-cash
[2026-02-07 19:00:44.385] 결과: 실패 (모의투자 영업일이 아닙니다.) [Code: 40100000]
[2026-02-07 19:00:44.395] ========================================
[2026-02-07 19:00:45.016] 매도 실행: SK텔레콤 - 손절(-11.85%)
[2026-02-07 19:00:45.017] ======== [주문 실행] SELL ========
[2026-02-07 19:00:45.032] 대상: 017670, 수량: 2, 단가: 시장가(0)
[2026-02-07 19:00:45.040] API URL: https://openapivts.koreainvestment.com:29443/uapi/domestic-stock/v1/trading/order-cash
[2026-02-07 19:00:45.091] 결과: 실패 (모의투자 영업일이 아닙니다.) [Code: 40100000]
[2026-02-07 19:00:45.093] ========================================
[2026-02-07 19:00:46.920] 보유 종목: SK하이닉스(15주, -3.01%), SK텔레콤(2주, -11.85%)
[2026-02-07 19:00:46.922] 총 평가손익: -408,600원
[2026-02-07 19:00:46.936] 모니터링 완료. 대기 중...
[2026-02-07 19:01:47.349] 모니터링 주기 시작...
[2026-02-07 19:01:49.413] 매도 실행: SK하이닉스 - 추세이탈(주의) [점수:6, RSI:58.7, ADX:48.1]
[2026-02-07 19:01:49.414] ======== [주문 실행] SELL ========
[2026-02-07 19:01:49.428] 대상: 000660, 수량: 15, 단가: 시장가(0)
[2026-02-07 19:01:49.436] API URL: https://openapivts.koreainvestment.com:29443/uapi/domestic-stock/v1/trading/order-cash
[2026-02-07 19:01:49.988] 결과: 실패 (모의투자 영업일이 아닙니다.) [Code: 40100000]
[2026-02-07 19:01:49.997] ========================================
[2026-02-07 19:01:50.609] 매도 실행: SK텔레콤 - 손절(-11.85%)
[2026-02-07 19:01:50.611] ======== [주문 실행] SELL ========
[2026-02-07 19:01:50.623] 대상: 017670, 수량: 2, 단가: 시장가(0)
[2026-02-07 19:01:50.633] API URL: https://openapivts.koreainvestment.com:29443/uapi/domestic-stock/v1/trading/order-cash
[2026-02-07 19:01:50.686] 결과: 실패 (모의투자 영업일이 아닙니다.) [Code: 40100000]
[2026-02-07 19:01:50.687] ========================================
[2026-02-07 19:01:52.565] 보유 종목: SK하이닉스(15주, -3.01%), SK텔레콤(2주, -11.85%)
[2026-02-07 19:01:52.566] 총 평가손익: -408,600원
[2026-02-07 19:01:52.581] 모니터링 완료. 대기 중...
[2026-02-07 19:02:52.926] 모니터링 주기 시작...
[2026-02-07 19:02:54.920] 매도 실행: SK하이닉스 - 추세이탈(주의) [점수:6, RSI:58.7, ADX:48.1]
[2026-02-07 19:02:54.921] ======== [주문 실행] SELL ========
[2026-02-07 19:02:54.930] 대상: 000660, 수량: 15, 단가: 시장가(0)
[2026-02-07 19:02:54.936] API URL: https://openapivts.koreainvestment.com:29443/uapi/domestic-stock/v1/trading/order-cash
[2026-02-07 19:02:55.488] 결과: 실패 (모의투자 영업일이 아닙니다.) [Code: 40100000]
[2026-02-07 19:02:55.489] ========================================
[2026-02-07 19:02:56.100] 매도 실행: SK텔레콤 - 손절(-11.85%)
[2026-02-07 19:02:56.101] ======== [주문 실행] SELL ========
[2026-02-07 19:02:56.109] 대상: 017670, 수량: 2, 단가: 시장가(0)
[2026-02-07 19:02:56.116] API URL: https://openapivts.koreainvestment.com:29443/uapi/domestic-stock/v1/trading/order-cash
[2026-02-07 19:02:56.165] 결과: 실패 (모의투자 영업일이 아닙니다.) [Code: 40100000]
[2026-02-07 19:02:56.166] ========================================
[2026-02-07 19:02:57.978] 보유 종목: SK하이닉스(15주, -3.01%), SK텔레콤(2주, -11.85%)
[2026-02-07 19:02:57.979] 총 평가손익: -408,600원
[2026-02-07 19:02:57.987] 모니터링 완료. 대기 중...
[2026-02-07 19:03:58.354] 모니터링 주기 시작...
[2026-02-07 19:04:00.376] 매도 실행: SK하이닉스 - 추세이탈(주의) [점수:6, RSI:58.7, ADX:48.1]
[2026-02-07 19:04:00.377] ======== [주문 실행] SELL ========
[2026-02-07 19:04:00.390] 대상: 000660, 수량: 15, 단가: 시장가(0)
[2026-02-07 19:04:00.399] API URL: https://openapivts.koreainvestment.com:29443/uapi/domestic-stock/v1/trading/order-cash
[2026-02-07 19:04:00.998] 결과: 실패 (모의투자 영업일이 아닙니다.) [Code: 40100000]
[2026-02-07 19:04:00.999] ========================================
[2026-02-07 19:04:01.620] 매도 실행: SK텔레콤 - 손절(-11.85%)
[2026-02-07 19:04:01.621] ======== [주문 실행] SELL ========
[2026-02-07 19:04:01.634] 대상: 017670, 수량: 2, 단가: 시장가(0)
[2026-02-07 19:04:01.642] API URL: https://openapivts.koreainvestment.com:29443/uapi/domestic-stock/v1/trading/order-cash
[2026-02-07 19:04:01.699] 결과: 실패 (모의투자 영업일이 아닙니다.) [Code: 40100000]
[2026-02-07 19:04:01.701] ========================================
[2026-02-07 19:04:03.561] 보유 종목: SK하이닉스(15주, -3.01%), SK텔레콤(2주, -11.85%)
[2026-02-07 19:04:03.562] 총 평가손익: -408,600원
[2026-02-07 19:04:03.577] 모니터링 완료. 대기 중...
[2026-02-07 19:05:04.011] 모니터링 주기 시작...
[2026-02-07 19:05:06.002] 매도 실행: SK하이닉스 - 추세이탈(주의) [점수:6, RSI:58.7, ADX:48.1]
[2026-02-07 19:05:06.003] ======== [주문 실행] SELL ========
[2026-02-07 19:05:06.018] 대상: 000660, 수량: 15, 단가: 시장가(0)
[2026-02-07 19:05:06.023] API URL: https://openapivts.koreainvestment.com:29443/uapi/domestic-stock/v1/trading/order-cash
[2026-02-07 19:05:06.570] 결과: 실패 (모의투자 영업일이 아닙니다.) [Code: 40100000]
[2026-02-07 19:05:06.571] ========================================
[2026-02-07 19:05:07.192] 매도 실행: SK텔레콤 - 손절(-11.85%)
[2026-02-07 19:05:07.193] ======== [주문 실행] SELL ========
[2026-02-07 19:05:07.208] 대상: 017670, 수량: 2, 단가: 시장가(0)
[2026-02-07 19:05:07.217] API URL: https://openapivts.koreainvestment.com:29443/uapi/domestic-stock/v1/trading/order-cash
[2026-02-07 19:05:07.261] 결과: 실패 (모의투자 영업일이 아닙니다.) [Code: 40100000]
[2026-02-07 19:05:07.262] ========================================
[2026-02-07 19:05:09.091] 보유 종목: SK하이닉스(15주, -3.01%), SK텔레콤(2주, -11.85%)
[2026-02-07 19:05:09.093] 총 평가손익: -408,600원
[2026-02-07 19:05:09.107] 모니터링 완료. 대기 중...
[2026-02-07 19:06:09.481] 모니터링 주기 시작...
[2026-02-07 19:06:11.475] 매도 실행: SK하이닉스 - 추세이탈(주의) [점수:6, RSI:58.7, ADX:48.1]
[2026-02-07 19:06:11.476] ======== [주문 실행] SELL ========
[2026-02-07 19:06:11.490] 대상: 000660, 수량: 15, 단가: 시장가(0)
[2026-02-07 19:06:11.498] API URL: https://openapivts.koreainvestment.com:29443/uapi/domestic-stock/v1/trading/order-cash
[2026-02-07 19:06:12.042] 결과: 실패 (모의투자 영업일이 아닙니다.) [Code: 40100000]
[2026-02-07 19:06:12.047] ========================================
[2026-02-07 19:06:12.662] 매도 실행: SK텔레콤 - 손절(-11.85%)
[2026-02-07 19:06:12.663] ======== [주문 실행] SELL ========
[2026-02-07 19:06:12.676] 대상: 017670, 수량: 2, 단가: 시장가(0)
[2026-02-07 19:06:12.683] API URL: https://openapivts.koreainvestment.com:29443/uapi/domestic-stock/v1/trading/order-cash
[2026-02-07 19:06:12.736] 결과: 실패 (모의투자 영업일이 아닙니다.) [Code: 40100000]
[2026-02-07 19:06:12.737] ========================================
[2026-02-07 19:06:14.566] 보유 종목: SK하이닉스(15주, -3.01%), SK텔레콤(2주, -11.85%)
[2026-02-07 19:06:14.567] 총 평가손익: -408,600원
[2026-02-07 19:06:14.583] 모니터링 완료. 대기 중...
[2026-02-07 19:07:14.950] 모니터링 주기 시작...
[2026-02-07 19:07:16.954] 매도 실행: SK하이닉스 - 추세이탈(주의) [점수:6, RSI:58.7, ADX:48.1]
[2026-02-07 19:07:16.955] ======== [주문 실행] SELL ========
[2026-02-07 19:07:16.968] 대상: 000660, 수량: 15, 단가: 시장가(0)
[2026-02-07 19:07:16.976] API URL: https://openapivts.koreainvestment.com:29443/uapi/domestic-stock/v1/trading/order-cash
[2026-02-07 19:07:17.521] 결과: 실패 (모의투자 영업일이 아닙니다.) [Code: 40100000]
[2026-02-07 19:07:17.530] ========================================
[2026-02-07 19:07:18.150] 매도 실행: SK텔레콤 - 손절(-11.85%)
[2026-02-07 19:07:18.151] ======== [주문 실행] SELL ========
[2026-02-07 19:07:18.165] 대상: 017670, 수량: 2, 단가: 시장가(0)
[2026-02-07 19:07:18.173] API URL: https://openapivts.koreainvestment.com:29443/uapi/domestic-stock/v1/trading/order-cash
[2026-02-07 19:07:18.225] 결과: 실패 (모의투자 영업일이 아닙니다.) [Code: 40100000]
[2026-02-07 19:07:18.226] ========================================
[2026-02-07 19:07:20.056] 보유 종목: SK하이닉스(15주, -3.01%), SK텔레콤(2주, -11.85%)
[2026-02-07 19:07:20.057] 총 평가손익: -408,600원
[2026-02-07 19:07:20.071] 모니터링 완료. 대기 중...
[2026-02-07 19:08:20.364] 모니터링 주기 시작...
[2026-02-07 19:08:21.846] [API] 초당 전송건수 초과(EGW00201). 0.5초 대기 후 재시도합니다 (1/1)...
[2026-02-07 19:08:21.845] [API] 초당 전송건수 초과(EGW00201). 0.5초 대기 후 재시도합니다 (1/1)...
[2026-02-07 19:08:23.162] 매도 실행: SK하이닉스 - 추세이탈(주의) [점수:6, RSI:58.7, ADX:48.1]
[2026-02-07 19:08:23.163] ======== [주문 실행] SELL ========
[2026-02-07 19:08:23.174] 대상: 000660, 수량: 15, 단가: 시장가(0)
[2026-02-07 19:08:23.183] API URL: https://openapivts.koreainvestment.com:29443/uapi/domestic-stock/v1/trading/order-cash
[2026-02-07 19:08:23.694] [API] 초당 전송건수 초과(EGW00201). 0.5초 대기 후 재시도합니다 (1/1)...
[2026-02-07 19:08:23.693] [API] 초당 전송건수 초과(EGW00201). 0.5초 대기 후 재시도합니다 (1/1)...
[2026-02-07 19:08:24.352] 결과: 실패 (모의투자 영업일이 아닙니다.) [Code: 40100000]
[2026-02-07 19:08:24.354] ========================================
[2026-02-07 19:08:24.922] [API] 초당 전송건수 초과(EGW00201). 0.5초 대기 후 재시도합니다 (1/1)...
[2026-02-07 19:08:24.972] 매도 실행: SK텔레콤 - 손절(-11.85%)
[2026-02-07 19:08:24.973] ======== [주문 실행] SELL ========
[2026-02-07 19:08:24.986] 대상: 017670, 수량: 2, 단가: 시장가(0)
[2026-02-07 19:08:24.994] API URL: https://openapivts.koreainvestment.com:29443/uapi/domestic-stock/v1/trading/order-cash
[2026-02-07 19:08:25.187] 결과: 실패 (모의투자 영업일이 아닙니다.) [Code: 40100000]
[2026-02-07 19:08:25.188] ========================================
[2026-02-07 19:08:25.756] [API] 초당 전송건수 초과(EGW00201). 0.5초 대기 후 재시도합니다 (1/1)...
[2026-02-07 19:08:26.897] [API] 초당 전송건수 초과(EGW00201). 0.5초 대기 후 재시도합니다 (1/1)...
[2026-02-07 19:08:26.901] [API] 초당 전송건수 초과(EGW00201). 0.5초 대기 후 재시도합니다 (1/1)...
[2026-02-07 19:08:28.127] 보유 종목: SK하이닉스(15주, -3.01%), SK텔레콤(2주, -11.85%)
[2026-02-07 19:08:28.128] 총 평가손익: -408,600원
[2026-02-07 19:08:28.140] 모니터링 완료. 대기 중...
[2026-02-07 19:09:28.361] 모니터링 주기 시작...
[2026-02-07 19:09:30.453] 매도 실행: SK하이닉스 - 추세이탈(주의) [점수:6, RSI:58.7, ADX:48.1]
[2026-02-07 19:09:30.454] ======== [주문 실행] SELL ========
[2026-02-07 19:09:30.463] 대상: 000660, 수량: 15, 단가: 시장가(0)
[2026-02-07 19:09:30.472] API URL: https://openapivts.koreainvestment.com:29443/uapi/domestic-stock/v1/trading/order-cash
[2026-02-07 19:09:31.010] 결과: 실패 (모의투자 영업일이 아닙니다.) [Code: 40100000]
[2026-02-07 19:09:31.012] ========================================
[2026-02-07 19:09:31.630] 매도 실행: SK텔레콤 - 손절(-11.85%)
[2026-02-07 19:09:31.631] ======== [주문 실행] SELL ========
[2026-02-07 19:09:31.646] 대상: 017670, 수량: 2, 단가: 시장가(0)
[2026-02-07 19:09:31.658] API URL: https://openapivts.koreainvestment.com:29443/uapi/domestic-stock/v1/trading/order-cash
[2026-02-07 19:09:31.767] 결과: 실패 (모의투자 영업일이 아닙니다.) [Code: 40100000]
[2026-02-07 19:09:31.769] ========================================
[2026-02-07 19:09:33.604] 보유 종목: SK하이닉스(15주, -3.01%), SK텔레콤(2주, -11.85%)
[2026-02-07 19:09:33.605] 총 평가손익: -408,600원
[2026-02-07 19:09:33.620] 모니터링 완료. 대기 중...
[2026-02-07 19:10:33.843] 모니터링 주기 시작...
[2026-02-07 19:10:35.923] 매도 실행: SK하이닉스 - 추세이탈(주의) [점수:6, RSI:58.7, ADX:48.1]
[2026-02-07 19:10:35.924] ======== [주문 실행] SELL ========
[2026-02-07 19:10:35.937] 대상: 000660, 수량: 15, 단가: 시장가(0)
[2026-02-07 19:10:35.945] API URL: https://openapivts.koreainvestment.com:29443/uapi/domestic-stock/v1/trading/order-cash
[2026-02-07 19:10:36.485] 결과: 실패 (모의투자 영업일이 아닙니다.) [Code: 40100000]
[2026-02-07 19:10:36.487] ========================================
[2026-02-07 19:10:37.106] 매도 실행: SK텔레콤 - 손절(-11.85%)
[2026-02-07 19:10:37.107] ======== [주문 실행] SELL ========
[2026-02-07 19:10:37.121] 대상: 017670, 수량: 2, 단가: 시장가(0)
[2026-02-07 19:10:37.130] API URL: https://openapivts.koreainvestment.com:29443/uapi/domestic-stock/v1/trading/order-cash
[2026-02-07 19:10:37.177] 결과: 실패 (모의투자 영업일이 아닙니다.) [Code: 40100000]
[2026-02-07 19:10:37.178] ========================================
[2026-02-07 19:10:39.041] 보유 종목: SK하이닉스(15주, -3.01%), SK텔레콤(2주, -11.85%)
[2026-02-07 19:10:39.043] 총 평가손익: -408,600원
[2026-02-07 19:10:39.060] 모니터링 완료. 대기 중...
[2026-02-07 19:11:27.132] 모니터링 주기 시작...
[2026-02-07 19:11:27.133] 시스템 시작
[2026-02-07 19:11:29.144] 매도 실행: SK하이닉스 - 추세이탈(주의) [점수:6, RSI:58.7, ADX:48.1]
[2026-02-07 19:11:29.145] ======== [주문 실행] SELL ========
[2026-02-07 19:11:29.161] 대상: 000660, 수량: 15, 단가: 시장가(0)
[2026-02-07 19:11:29.168] API URL: https://openapivts.koreainvestment.com:29443/uapi/domestic-stock/v1/trading/order-cash
[2026-02-07 19:11:29.775] 결과: 실패 (모의투자 영업일이 아닙니다.) [Code: 40100000]
[2026-02-07 19:11:29.777] ========================================
[2026-02-07 19:11:30.393] 매도 실행: SK텔레콤 - 손절(-11.85%)
[2026-02-07 19:11:30.395] ======== [주문 실행] SELL ========
[2026-02-07 19:11:30.409] 대상: 017670, 수량: 2, 단가: 시장가(0)
[2026-02-07 19:11:30.417] API URL: https://openapivts.koreainvestment.com:29443/uapi/domestic-stock/v1/trading/order-cash
[2026-02-07 19:11:30.468] 결과: 실패 (모의투자 영업일이 아닙니다.) [Code: 40100000]
[2026-02-07 19:11:30.470] ========================================
[2026-02-07 19:11:32.359] -------------------------------------------------------------------------------------------------------------------
[2026-02-07 19:11:32.361] 종목명                        보유수량        매입단가         현재가           매입금액           평가금액           평가손익       수익률
[2026-02-07 19:11:32.374] -------------------------------------------------------------------------------------------------------------------
[2026-02-07 19:11:32.384] SK하이닉스 (000660)         15주    865,000원    839,000원    12,975,000원    12,585,000원      -390,000원    -3.01%
[2026-02-07 19:11:32.392] SK텔레콤 (017670)            2주     78,500원     69,200원       157,000원       138,400원       -18,600원   -11.85%
[2026-02-07 19:11:32.401] -------------------------------------------------------------------------------------------------------------------
[2026-02-07 19:11:32.408]    총 평가금액: 12,723,400원  |  총 평가손익: -408,600원
[2026-02-07 19:11:32.413] 모니터링 완료. 대기 중...
[2026-02-07 19:12:32.643] 모니터링 주기 시작...
[2026-02-07 19:12:34.637] 매도 실행: SK하이닉스 - 추세이탈(주의) [점수:6, RSI:58.7, ADX:48.1]
[2026-02-07 19:12:34.638] ======== [주문 실행] SELL ========
[2026-02-07 19:12:34.648] 대상: 000660, 수량: 15, 단가: 시장가(0)
[2026-02-07 19:12:34.658] API URL: https://openapivts.koreainvestment.com:29443/uapi/domestic-stock/v1/trading/order-cash
[2026-02-07 19:12:35.189] 결과: 실패 (모의투자 영업일이 아닙니다.) [Code: 40100000]
[2026-02-07 19:12:35.198] ========================================
[2026-02-07 19:12:35.812] 매도 실행: SK텔레콤 - 손절(-11.85%)
[2026-02-07 19:12:35.813] ======== [주문 실행] SELL ========
[2026-02-07 19:12:35.822] 대상: 017670, 수량: 2, 단가: 시장가(0)
[2026-02-07 19:12:35.831] API URL: https://openapivts.koreainvestment.com:29443/uapi/domestic-stock/v1/trading/order-cash
[2026-02-07 19:12:35.888] 결과: 실패 (모의투자 영업일이 아닙니다.) [Code: 40100000]
[2026-02-07 19:12:35.898] ========================================
[2026-02-07 19:12:37.687] -------------------------------------------------------------------------------------------------------------------
[2026-02-07 19:12:37.689] 종목명                        보유수량        매입단가         현재가           매입금액           평가금액           평가손익       수익률
[2026-02-07 19:12:37.702] -------------------------------------------------------------------------------------------------------------------
[2026-02-07 19:12:37.712] SK하이닉스 (000660)         15주    865,000원    839,000원    12,975,000원    12,585,000원      -390,000원    -3.01%
[2026-02-07 19:12:37.720] SK텔레콤 (017670)            2주     78,500원     69,200원       157,000원       138,400원       -18,600원   -11.85%
[2026-02-07 19:12:37.727] -------------------------------------------------------------------------------------------------------------------
[2026-02-07 19:12:37.733]    총 평가금액: 12,723,400원  |  총 평가손익: -408,600원
[2026-02-07 19:12:37.736] 모니터링 완료. 대기 중...
[2026-02-07 19:13:34.261] 모니터링 주기 시작...
[2026-02-07 19:13:34.262] 시스템 시작
[2026-02-07 19:13:36.276] 매도 실행: SK하이닉스 - 추세이탈(주의) [점수:6, RSI:58.7, ADX:48.1]
[2026-02-07 19:13:36.277] ======== [주문 실행] SELL ========
[2026-02-07 19:13:36.289] 대상: 000660, 수량: 15, 단가: 시장가(0)
[2026-02-07 19:13:36.296] API URL: https://openapivts.koreainvestment.com:29443/uapi/domestic-stock/v1/trading/order-cash
[2026-02-07 19:13:36.835] 결과: 실패 (모의투자 영업일이 아닙니다.) [Code: 40100000]
[2026-02-07 19:13:36.836] ========================================
[2026-02-07 19:13:37.454] 매도 실행: SK텔레콤 - 손절(-11.85%)
[2026-02-07 19:13:37.456] ======== [주문 실행] SELL ========
[2026-02-07 19:13:37.470] 대상: 017670, 수량: 2, 단가: 시장가(0)
[2026-02-07 19:13:37.478] API URL: https://openapivts.koreainvestment.com:29443/uapi/domestic-stock/v1/trading/order-cash
[2026-02-07 19:13:37.523] 결과: 실패 (모의투자 영업일이 아닙니다.) [Code: 40100000]
[2026-02-07 19:13:37.524] ========================================
[2026-02-07 19:13:39.326] === 보유 종목 현황 ===
[2026-02-07 19:13:39.327] - SK하이닉스(000660) 15주 | 매입 865,000원 | 현재 839,000원 | 손익 -390,000원 (-3.01%)
[2026-02-07 19:13:39.337] - SK텔레콤(017670) 2주 | 매입 78,500원 | 현재 69,200원 | 손익 -18,600원 (-11.85%)
[2026-02-07 19:13:39.345] === 총 평가금액: 12,723,400원 | 총 평가손익: -408,600원 ===
[2026-02-07 19:13:39.353] 모니터링 완료. 대기 중...
[2026-02-07 19:14:39.590] 모니터링 주기 시작...
[2026-02-07 19:14:41.592] 매도 실행: SK하이닉스 - 추세이탈(주의) [점수:6, RSI:58.7, ADX:48.1]
[2026-02-07 19:14:41.593] ======== [주문 실행] SELL ========
[2026-02-07 19:14:41.600] 대상: 000660, 수량: 15, 단가: 시장가(0)
[2026-02-07 19:14:41.603] API URL: https://openapivts.koreainvestment.com:29443/uapi/domestic-stock/v1/trading/order-cash
[2026-02-07 19:14:42.148] 결과: 실패 (모의투자 영업일이 아닙니다.) [Code: 40100000]
[2026-02-07 19:14:42.149] ========================================
[2026-02-07 19:14:42.762] 매도 실행: SK텔레콤 - 손절(-11.85%)
[2026-02-07 19:14:42.763] ======== [주문 실행] SELL ========
[2026-02-07 19:14:42.773] 대상: 017670, 수량: 2, 단가: 시장가(0)
[2026-02-07 19:14:42.786] API URL: https://openapivts.koreainvestment.com:29443/uapi/domestic-stock/v1/trading/order-cash
[2026-02-07 19:14:42.838] 결과: 실패 (모의투자 영업일이 아닙니다.) [Code: 40100000]
[2026-02-07 19:14:42.840] ========================================
[2026-02-07 19:14:44.650] === 보유 종목 현황 ===
[2026-02-07 19:14:44.651] - SK하이닉스(000660) 15주 | 매입 865,000원 | 현재 839,000원 | 손익 -390,000원 (-3.01%)
[2026-02-07 19:14:44.662] - SK텔레콤(017670) 2주 | 매입 78,500원 | 현재 69,200원 | 손익 -18,600원 (-11.85%)
[2026-02-07 19:14:44.673] === 총 평가금액: 12,723,400원 | 총 평가손익: -408,600원 ===
[2026-02-07 19:14:44.683] 모니터링 완료. 대기 중...
[2026-02-07 19:15:54.206] 모니터링 주기 시작...
[2026-02-07 19:15:54.207] 시스템 시작
[2026-02-07 19:15:56.258] 매도 실행: SK하이닉스 - 추세이탈(주의) [점수:6, RSI:58.7, ADX:48.1]
[2026-02-07 19:15:56.259] ======== [주문 실행] SELL ========
[2026-02-07 19:15:56.269] 대상: 000660, 수량: 15, 단가: 시장가(0)
[2026-02-07 19:15:56.274] API URL: https://openapivts.koreainvestment.com:29443/uapi/domestic-stock/v1/trading/order-cash
[2026-02-07 19:15:56.810] 결과: 실패 (모의투자 영업일이 아닙니다.) [Code: 40100000]
[2026-02-07 19:15:56.812] ========================================
[2026-02-07 19:15:57.430] 매도 실행: SK텔레콤 - 손절(-11.85%)
[2026-02-07 19:15:57.432] ======== [주문 실행] SELL ========
[2026-02-07 19:15:57.447] 대상: 017670, 수량: 2, 단가: 시장가(0)
[2026-02-07 19:15:57.456] API URL: https://openapivts.koreainvestment.com:29443/uapi/domestic-stock/v1/trading/order-cash
[2026-02-07 19:15:57.502] 결과: 실패 (모의투자 영업일이 아닙니다.) [Code: 40100000]
[2026-02-07 19:15:57.503] ========================================
[2026-02-07 19:15:59.336] -----------------------------------------------------------------------------------------------------------------------------
[2026-02-07 19:15:59.338] 종목명                           보유수량     매입단가       현재가        매입금액        평가금액       평가손익     수익률
[2026-02-07 19:15:59.352] -----------------------------------------------------------------------------------------------------------------------------
[2026-02-07 19:15:59.359] SK하이닉스 (000660)                  15주    865,000원    839,000원    12,975,000원    12,585,000원     -390,000원     -3.01%
[2026-02-07 19:15:59.366] SK텔레콤 (017670)                     2주     78,500원     69,200원       157,000원       138,400원      -18,600원    -11.85%
[2026-02-07 19:15:59.372] -----------------------------------------------------------------------------------------------------------------------------
[2026-02-07 19:15:59.378]    총 평가금액: 12,723,400원  |  총 평가손익: -408,600원
[2026-02-07 19:15:59.386] 모니터링 완료. 대기 중...
[2026-02-07 19:16:59.602] 모니터링 주기 시작...
[2026-02-07 19:17:01.609] 매도 실행: SK하이닉스 - 추세이탈(주의) [점수:6, RSI:58.7, ADX:48.1]
[2026-02-07 19:17:01.610] ======== [주문 실행] SELL ========
[2026-02-07 19:17:01.624] 대상: 000660, 수량: 15, 단가: 시장가(0)
[2026-02-07 19:17:01.632] API URL: https://openapivts.koreainvestment.com:29443/uapi/domestic-stock/v1/trading/order-cash
[2026-02-07 19:17:02.171] 결과: 실패 (모의투자 영업일이 아닙니다.) [Code: 40100000]
[2026-02-07 19:17:02.173] ========================================
[2026-02-07 19:17:02.792] 매도 실행: SK텔레콤 - 손절(-11.85%)
[2026-02-07 19:17:02.793] ======== [주문 실행] SELL ========
[2026-02-07 19:17:02.806] 대상: 017670, 수량: 2, 단가: 시장가(0)
[2026-02-07 19:17:02.816] API URL: https://openapivts.koreainvestment.com:29443/uapi/domestic-stock/v1/trading/order-cash
[2026-02-07 19:17:02.871] 결과: 실패 (모의투자 영업일이 아닙니다.) [Code: 40100000]
[2026-02-07 19:17:02.872] ========================================
[2026-02-07 19:17:04.678] -----------------------------------------------------------------------------------------------------------------------------
[2026-02-07 19:17:04.680] 종목명                           보유수량     매입단가       현재가        매입금액        평가금액       평가손익     수익률
[2026-02-07 19:17:04.694] -----------------------------------------------------------------------------------------------------------------------------
[2026-02-07 19:17:04.701] SK하이닉스 (000660)                  15주    865,000원    839,000원    12,975,000원    12,585,000원     -390,000원     -3.01%
[2026-02-07 19:17:04.707] SK텔레콤 (017670)                     2주     78,500원     69,200원       157,000원       138,400원      -18,600원    -11.85%
[2026-02-07 19:17:04.714] -----------------------------------------------------------------------------------------------------------------------------
[2026-02-07 19:17:04.721]    총 평가금액: 12,723,400원  |  총 평가손익: -408,600원
[2026-02-07 19:17:04.730] 모니터링 완료. 대기 중...
[2026-02-07 19:18:04.960] 모니터링 주기 시작...
[2026-02-07 19:18:07.996] 매도 실행: SK하이닉스 - 추세이탈(주의) [점수:6, RSI:58.7, ADX:48.1]
[2026-02-07 19:18:07.997] ======== [주문 실행] SELL ========
[2026-02-07 19:18:08.011] 대상: 000660, 수량: 15, 단가: 시장가(0)
[2026-02-07 19:18:08.020] API URL: https://openapivts.koreainvestment.com:29443/uapi/domestic-stock/v1/trading/order-cash
[2026-02-07 19:18:08.561] 결과: 실패 (모의투자 영업일이 아닙니다.) [Code: 40100000]
[2026-02-07 19:18:08.563] ========================================
[2026-02-07 19:18:09.182] 매도 실행: SK텔레콤 - 손절(-11.85%)
[2026-02-07 19:18:09.184] ======== [주문 실행] SELL ========
[2026-02-07 19:18:09.198] 대상: 017670, 수량: 2, 단가: 시장가(0)
[2026-02-07 19:18:09.207] API URL: https://openapivts.koreainvestment.com:29443/uapi/domestic-stock/v1/trading/order-cash
[2026-02-07 19:18:09.257] 결과: 실패 (모의투자 영업일이 아닙니다.) [Code: 40100000]
[2026-02-07 19:18:09.258] ========================================
[2026-02-07 19:18:11.095] -----------------------------------------------------------------------------------------------------------------------------
[2026-02-07 19:18:11.097] 종목명                           보유수량     매입단가       현재가        매입금액        평가금액       평가손익     수익률
[2026-02-07 19:18:11.110] -----------------------------------------------------------------------------------------------------------------------------
[2026-02-07 19:18:11.119] SK하이닉스 (000660)                  15주    865,000원    839,000원    12,975,000원    12,585,000원     -390,000원     -3.01%
[2026-02-07 19:18:11.126] SK텔레콤 (017670)                     2주     78,500원     69,200원       157,000원       138,400원      -18,600원    -11.85%
[2026-02-07 19:18:11.133] -----------------------------------------------------------------------------------------------------------------------------
[2026-02-07 19:18:11.139]    총 평가금액: 12,723,400원  |  총 평가손익: -408,600원
[2026-02-07 19:18:11.147] 모니터링 완료. 대기 중...
[2026-02-07 19:19:11.373] 모니터링 주기 시작...
[2026-02-07 19:19:13.351] 매도 실행: SK하이닉스 - 추세이탈(주의) [점수:6, RSI:58.7, ADX:48.1]
[2026-02-07 19:19:13.352] ======== [주문 실행] SELL ========
[2026-02-07 19:19:13.367] 대상: 000660, 수량: 15, 단가: 시장가(0)
[2026-02-07 19:19:13.375] API URL: https://openapivts.koreainvestment.com:29443/uapi/domestic-stock/v1/trading/order-cash
[2026-02-07 19:19:13.918] 결과: 실패 (모의투자 영업일이 아닙니다.) [Code: 40100000]
[2026-02-07 19:19:13.928] ========================================
[2026-02-07 19:19:14.541] 매도 실행: SK텔레콤 - 손절(-11.85%)
[2026-02-07 19:19:14.543] ======== [주문 실행] SELL ========
[2026-02-07 19:19:14.556] 대상: 017670, 수량: 2, 단가: 시장가(0)
[2026-02-07 19:19:14.566] API URL: https://openapivts.koreainvestment.com:29443/uapi/domestic-stock/v1/trading/order-cash
[2026-02-07 19:19:14.611] 결과: 실패 (모의투자 영업일이 아닙니다.) [Code: 40100000]
[2026-02-07 19:19:14.612] ========================================
[2026-02-07 19:19:16.408] -----------------------------------------------------------------------------------------------------------------------------
[2026-02-07 19:19:16.409] 종목명                           보유수량     매입단가       현재가        매입금액        평가금액       평가손익     수익률
[2026-02-07 19:19:16.423] -----------------------------------------------------------------------------------------------------------------------------
[2026-02-07 19:19:16.433] SK하이닉스 (000660)                  15주    865,000원    839,000원    12,975,000원    12,585,000원     -390,000원     -3.01%
[2026-02-07 19:19:16.441] SK텔레콤 (017670)                     2주     78,500원     69,200원       157,000원       138,400원      -18,600원    -11.85%
[2026-02-07 19:19:16.450] -----------------------------------------------------------------------------------------------------------------------------
[2026-02-07 19:19:16.457]    총 평가금액: 12,723,400원  |  총 평가손익: -408,600원
[2026-02-07 19:19:16.462] 모니터링 완료. 대기 중...
[2026-02-07 19:20:16.679] 모니터링 주기 시작...
[2026-02-07 19:20:18.660] 매도 실행: SK하이닉스 - 추세이탈(주의) [점수:6, RSI:58.7, ADX:48.1]
[2026-02-07 19:20:18.661] ======== [주문 실행] SELL ========
[2026-02-07 19:20:18.668] 대상: 000660, 수량: 15, 단가: 시장가(0)
[2026-02-07 19:20:18.675] API URL: https://openapivts.koreainvestment.com:29443/uapi/domestic-stock/v1/trading/order-cash
[2026-02-07 19:20:19.253] 결과: 실패 (모의투자 영업일이 아닙니다.) [Code: 40100000]
[2026-02-07 19:20:19.255] ========================================
[2026-02-07 19:20:19.872] 매도 실행: SK텔레콤 - 손절(-11.85%)
[2026-02-07 19:20:19.874] ======== [주문 실행] SELL ========
[2026-02-07 19:20:19.887] 대상: 017670, 수량: 2, 단가: 시장가(0)
[2026-02-07 19:20:19.896] API URL: https://openapivts.koreainvestment.com:29443/uapi/domestic-stock/v1/trading/order-cash
[2026-02-07 19:20:19.949] 결과: 실패 (모의투자 영업일이 아닙니다.) [Code: 40100000]
[2026-02-07 19:20:19.951] ========================================
[2026-02-07 19:20:21.758] -----------------------------------------------------------------------------------------------------------------------------
[2026-02-07 19:20:21.759] 종목명                           보유수량     매입단가       현재가        매입금액        평가금액       평가손익     수익률
[2026-02-07 19:20:21.772] -----------------------------------------------------------------------------------------------------------------------------
[2026-02-07 19:20:21.781] SK하이닉스 (000660)                  15주    865,000원    839,000원    12,975,000원    12,585,000원     -390,000원     -3.01%
[2026-02-07 19:20:21.790] SK텔레콤 (017670)                     2주     78,500원     69,200원       157,000원       138,400원      -18,600원    -11.85%
[2026-02-07 19:20:21.798] -----------------------------------------------------------------------------------------------------------------------------
[2026-02-07 19:20:21.807]    총 평가금액: 12,723,400원  |  총 평가손익: -408,600원
[2026-02-07 19:20:21.814] 모니터링 완료. 대기 중...
[2026-02-07 19:21:22.038] 모니터링 주기 시작...
[2026-02-07 19:21:24.031] 매도 실행: SK하이닉스 - 추세이탈(주의) [점수:6, RSI:58.7, ADX:48.1]
[2026-02-07 19:21:24.032] ======== [주문 실행] SELL ========
[2026-02-07 19:21:24.047] 대상: 000660, 수량: 15, 단가: 시장가(0)
[2026-02-07 19:21:24.057] API URL: https://openapivts.koreainvestment.com:29443/uapi/domestic-stock/v1/trading/order-cash
[2026-02-07 19:21:24.593] 결과: 실패 (모의투자 영업일이 아닙니다.) [Code: 40100000]
[2026-02-07 19:21:24.595] ========================================
[2026-02-07 19:21:25.209] 매도 실행: SK텔레콤 - 손절(-11.85%)
[2026-02-07 19:21:25.211] ======== [주문 실행] SELL ========
[2026-02-07 19:21:25.224] 대상: 017670, 수량: 2, 단가: 시장가(0)
[2026-02-07 19:21:25.232] API URL: https://openapivts.koreainvestment.com:29443/uapi/domestic-stock/v1/trading/order-cash
[2026-02-07 19:21:25.281] 결과: 실패 (모의투자 영업일이 아닙니다.) [Code: 40100000]
[2026-02-07 19:21:25.282] ========================================
[2026-02-07 19:21:27.100] -----------------------------------------------------------------------------------------------------------------------------
[2026-02-07 19:21:27.101] 종목명                           보유수량     매입단가       현재가        매입금액        평가금액       평가손익     수익률
[2026-02-07 19:21:27.115] -----------------------------------------------------------------------------------------------------------------------------
[2026-02-07 19:21:27.123] SK하이닉스 (000660)                  15주    865,000원    839,000원    12,975,000원    12,585,000원     -390,000원     -3.01%
[2026-02-07 19:21:27.130] SK텔레콤 (017670)                     2주     78,500원     69,200원       157,000원       138,400원      -18,600원    -11.85%
[2026-02-07 19:21:27.138] -----------------------------------------------------------------------------------------------------------------------------
[2026-02-07 19:21:27.144]    총 평가금액: 12,723,400원  |  총 평가손익: -408,600원
[2026-02-07 19:21:27.150] 모니터링 완료. 대기 중...
[2026-02-07 19:22:27.379] 모니터링 주기 시작...
[2026-02-07 19:22:29.365] 매도 실행: SK하이닉스 - 추세이탈(주의) [점수:6, RSI:58.7, ADX:48.1]
[2026-02-07 19:22:29.366] ======== [주문 실행] SELL ========
[2026-02-07 19:22:29.374] 대상: 000660, 수량: 15, 단가: 시장가(0)
[2026-02-07 19:22:29.381] API URL: https://openapivts.koreainvestment.com:29443/uapi/domestic-stock/v1/trading/order-cash
[2026-02-07 19:22:29.926] 결과: 실패 (모의투자 영업일이 아닙니다.) [Code: 40100000]
[2026-02-07 19:22:29.935] ========================================
[2026-02-07 19:22:30.547] 매도 실행: SK텔레콤 - 손절(-11.85%)
[2026-02-07 19:22:30.548] ======== [주문 실행] SELL ========
[2026-02-07 19:22:30.559] 대상: 017670, 수량: 2, 단가: 시장가(0)
[2026-02-07 19:22:30.568] API URL: https://openapivts.koreainvestment.com:29443/uapi/domestic-stock/v1/trading/order-cash
[2026-02-07 19:22:30.614] 결과: 실패 (모의투자 영업일이 아닙니다.) [Code: 40100000]
[2026-02-07 19:22:30.615] ========================================
[2026-02-07 19:22:32.421] -----------------------------------------------------------------------------------------------------------------------------
[2026-02-07 19:22:32.422] 종목명                           보유수량     매입단가       현재가        매입금액        평가금액       평가손익     수익률
[2026-02-07 19:22:32.436] -----------------------------------------------------------------------------------------------------------------------------
[2026-02-07 19:22:32.447] SK하이닉스 (000660)                  15주    865,000원    839,000원    12,975,000원    12,585,000원     -390,000원     -3.01%
[2026-02-07 19:22:32.455] SK텔레콤 (017670)                     2주     78,500원     69,200원       157,000원       138,400원      -18,600원    -11.85%
[2026-02-07 19:22:32.462] -----------------------------------------------------------------------------------------------------------------------------
[2026-02-07 19:22:32.467]    총 평가금액: 12,723,400원  |  총 평가손익: -408,600원
[2026-02-07 19:22:32.473] 모니터링 완료. 대기 중...
[2026-02-07 19:23:32.689] 모니터링 주기 시작...
[2026-02-07 19:23:34.682] 매도 실행: SK하이닉스 - 추세이탈(주의) [점수:6, RSI:58.7, ADX:48.1]
[2026-02-07 19:23:34.683] ======== [주문 실행] SELL ========
[2026-02-07 19:23:34.697] 대상: 000660, 수량: 15, 단가: 시장가(0)
[2026-02-07 19:23:34.705] API URL: https://openapivts.koreainvestment.com:29443/uapi/domestic-stock/v1/trading/order-cash
[2026-02-07 19:23:35.242] 결과: 실패 (모의투자 영업일이 아닙니다.) [Code: 40100000]
[2026-02-07 19:23:35.250] ========================================
[2026-02-07 19:23:35.862] 매도 실행: SK텔레콤 - 손절(-11.85%)
[2026-02-07 19:23:35.863] ======== [주문 실행] SELL ========
[2026-02-07 19:23:35.878] 대상: 017670, 수량: 2, 단가: 시장가(0)
[2026-02-07 19:23:35.886] API URL: https://openapivts.koreainvestment.com:29443/uapi/domestic-stock/v1/trading/order-cash
[2026-02-07 19:23:35.936] 결과: 실패 (모의투자 영업일이 아닙니다.) [Code: 40100000]
[2026-02-07 19:23:35.937] ========================================
[2026-02-07 19:23:37.756] -----------------------------------------------------------------------------------------------------------------------------
[2026-02-07 19:23:37.757] 종목명                           보유수량     매입단가       현재가        매입금액        평가금액       평가손익     수익률
[2026-02-07 19:23:37.772] -----------------------------------------------------------------------------------------------------------------------------
[2026-02-07 19:23:37.780] SK하이닉스 (000660)                  15주    865,000원    839,000원    12,975,000원    12,585,000원     -390,000원     -3.01%
[2026-02-07 19:23:37.787] SK텔레콤 (017670)                     2주     78,500원     69,200원       157,000원       138,400원      -18,600원    -11.85%
[2026-02-07 19:23:37.794] -----------------------------------------------------------------------------------------------------------------------------
[2026-02-07 19:23:37.800]    총 평가금액: 12,723,400원  |  총 평가손익: -408,600원
[2026-02-07 19:23:37.807] 모니터링 완료. 대기 중...
[2026-02-07 19:24:38.017] 모니터링 주기 시작...
[2026-02-07 19:24:40.005] 매도 실행: SK하이닉스 - 추세이탈(주의) [점수:6, RSI:58.7, ADX:48.1]
[2026-02-07 19:24:40.006] ======== [주문 실행] SELL ========
[2026-02-07 19:24:40.019] 대상: 000660, 수량: 15, 단가: 시장가(0)
[2026-02-07 19:24:40.024] API URL: https://openapivts.koreainvestment.com:29443/uapi/domestic-stock/v1/trading/order-cash
[2026-02-07 19:24:40.566] 결과: 실패 (모의투자 영업일이 아닙니다.) [Code: 40100000]
[2026-02-07 19:24:40.576] ========================================
[2026-02-07 19:24:41.187] 매도 실행: SK텔레콤 - 손절(-11.85%)
[2026-02-07 19:24:41.188] ======== [주문 실행] SELL ========
[2026-02-07 19:24:41.199] 대상: 017670, 수량: 2, 단가: 시장가(0)
[2026-02-07 19:24:41.208] API URL: https://openapivts.koreainvestment.com:29443/uapi/domestic-stock/v1/trading/order-cash
[2026-02-07 19:24:41.255] 결과: 실패 (모의투자 영업일이 아닙니다.) [Code: 40100000]
[2026-02-07 19:24:41.256] ========================================
[2026-02-07 19:24:43.056] -----------------------------------------------------------------------------------------------------------------------------
[2026-02-07 19:24:43.057] 종목명                           보유수량     매입단가       현재가        매입금액        평가금액       평가손익     수익률
[2026-02-07 19:24:43.072] -----------------------------------------------------------------------------------------------------------------------------
[2026-02-07 19:24:43.079] SK하이닉스 (000660)                  15주    865,000원    839,000원    12,975,000원    12,585,000원     -390,000원     -3.01%
[2026-02-07 19:24:43.086] SK텔레콤 (017670)                     2주     78,500원     69,200원       157,000원       138,400원      -18,600원    -11.85%
[2026-02-07 19:24:43.093] -----------------------------------------------------------------------------------------------------------------------------
[2026-02-07 19:24:43.099]    총 평가금액: 12,723,400원  |  총 평가손익: -408,600원
[2026-02-07 19:24:43.105] 모니터링 완료. 대기 중...
[2026-02-07 19:25:43.307] 모니터링 주기 시작...
[2026-02-07 19:25:45.329] 매도 실행: SK하이닉스 - 추세이탈(주의) [점수:6, RSI:58.7, ADX:48.1]
[2026-02-07 19:25:45.330] ======== [주문 실행] SELL ========
[2026-02-07 19:25:45.342] 대상: 000660, 수량: 15, 단가: 시장가(0)
[2026-02-07 19:25:45.347] API URL: https://openapivts.koreainvestment.com:29443/uapi/domestic-stock/v1/trading/order-cash
[2026-02-07 19:25:45.897] 결과: 실패 (모의투자 영업일이 아닙니다.) [Code: 40100000]
[2026-02-07 19:25:45.908] ========================================
[2026-02-07 19:25:46.519] 매도 실행: SK텔레콤 - 손절(-11.85%)
[2026-02-07 19:25:46.520] ======== [주문 실행] SELL ========
[2026-02-07 19:25:46.530] 대상: 017670, 수량: 2, 단가: 시장가(0)
[2026-02-07 19:25:46.537] API URL: https://openapivts.koreainvestment.com:29443/uapi/domestic-stock/v1/trading/order-cash
[2026-02-07 19:25:46.592] 결과: 실패 (모의투자 영업일이 아닙니다.) [Code: 40100000]
[2026-02-07 19:25:46.593] ========================================
[2026-02-07 19:25:48.406] -----------------------------------------------------------------------------------------------------------------------------
[2026-02-07 19:25:48.407] 종목명                           보유수량     매입단가       현재가        매입금액        평가금액       평가손익     수익률
[2026-02-07 19:25:48.418] -----------------------------------------------------------------------------------------------------------------------------
[2026-02-07 19:25:48.433] SK하이닉스 (000660)                  15주    865,000원    839,000원    12,975,000원    12,585,000원     -390,000원     -3.01%
[2026-02-07 19:25:48.443] SK텔레콤 (017670)                     2주     78,500원     69,200원       157,000원       138,400원      -18,600원    -11.85%
[2026-02-07 19:25:48.452] -----------------------------------------------------------------------------------------------------------------------------
[2026-02-07 19:25:48.459]    총 평가금액: 12,723,400원  |  총 평가손익: -408,600원
[2026-02-07 19:25:48.465] 모니터링 완료. 대기 중...
[2026-02-07 19:26:48.666] 모니터링 주기 시작...
[2026-02-07 19:26:50.651] 매도 실행: SK하이닉스 - 추세이탈(주의) [점수:6, RSI:58.7, ADX:48.1]
[2026-02-07 19:26:50.652] ======== [주문 실행] SELL ========
[2026-02-07 19:26:50.665] 대상: 000660, 수량: 15, 단가: 시장가(0)
[2026-02-07 19:26:50.670] API URL: https://openapivts.koreainvestment.com:29443/uapi/domestic-stock/v1/trading/order-cash
[2026-02-07 19:26:51.216] 결과: 실패 (모의투자 영업일이 아닙니다.) [Code: 40100000]
[2026-02-07 19:26:51.226] ========================================
[2026-02-07 19:26:51.838] 매도 실행: SK텔레콤 - 손절(-11.85%)
[2026-02-07 19:26:51.839] ======== [주문 실행] SELL ========
[2026-02-07 19:26:51.853] 대상: 017670, 수량: 2, 단가: 시장가(0)
[2026-02-07 19:26:51.863] API URL: https://openapivts.koreainvestment.com:29443/uapi/domestic-stock/v1/trading/order-cash
[2026-02-07 19:26:51.908] 결과: 실패 (모의투자 영업일이 아닙니다.) [Code: 40100000]
[2026-02-07 19:26:51.909] ========================================
[2026-02-07 19:26:53.714] -----------------------------------------------------------------------------------------------------------------------------
[2026-02-07 19:26:53.716] 종목명                           보유수량     매입단가       현재가        매입금액        평가금액       평가손익     수익률
[2026-02-07 19:26:53.731] -----------------------------------------------------------------------------------------------------------------------------
[2026-02-07 19:26:53.740] SK하이닉스 (000660)                  15주    865,000원    839,000원    12,975,000원    12,585,000원     -390,000원     -3.01%
[2026-02-07 19:26:53.747] SK텔레콤 (017670)                     2주     78,500원     69,200원       157,000원       138,400원      -18,600원    -11.85%
[2026-02-07 19:26:53.753] -----------------------------------------------------------------------------------------------------------------------------
[2026-02-07 19:26:53.759]    총 평가금액: 12,723,400원  |  총 평가손익: -408,600원
[2026-02-07 19:26:53.765] 모니터링 완료. 대기 중...
[2026-02-07 19:27:53.984] 모니터링 주기 시작...
[2026-02-07 19:27:55.978] 매도 실행: SK하이닉스 - 추세이탈(주의) [점수:6, RSI:58.7, ADX:48.1]
[2026-02-07 19:27:55.979] ======== [주문 실행] SELL ========
[2026-02-07 19:27:55.991] 대상: 000660, 수량: 15, 단가: 시장가(0)
[2026-02-07 19:27:55.998] API URL: https://openapivts.koreainvestment.com:29443/uapi/domestic-stock/v1/trading/order-cash
[2026-02-07 19:27:56.576] 결과: 실패 (모의투자 영업일이 아닙니다.) [Code: 40100000]
[2026-02-07 19:27:56.577] ========================================
[2026-02-07 19:27:57.193] 매도 실행: SK텔레콤 - 손절(-11.85%)
[2026-02-07 19:27:57.194] ======== [주문 실행] SELL ========
[2026-02-07 19:27:57.205] 대상: 017670, 수량: 2, 단가: 시장가(0)
[2026-02-07 19:27:57.214] API URL: https://openapivts.koreainvestment.com:29443/uapi/domestic-stock/v1/trading/order-cash
[2026-02-07 19:27:57.263] 결과: 실패 (모의투자 영업일이 아닙니다.) [Code: 40100000]
[2026-02-07 19:27:57.264] ========================================
[2026-02-07 19:27:59.074] -----------------------------------------------------------------------------------------------------------------------------
[2026-02-07 19:27:59.075] 종목명                           보유수량     매입단가       현재가        매입금액        평가금액       평가손익     수익률
[2026-02-07 19:27:59.089] -----------------------------------------------------------------------------------------------------------------------------
[2026-02-07 19:27:59.098] SK하이닉스 (000660)                  15주    865,000원    839,000원    12,975,000원    12,585,000원     -390,000원     -3.01%
[2026-02-07 19:27:59.105] SK텔레콤 (017670)                     2주     78,500원     69,200원       157,000원       138,400원      -18,600원    -11.85%
[2026-02-07 19:27:59.112] -----------------------------------------------------------------------------------------------------------------------------
[2026-02-07 19:27:59.118]    총 평가금액: 12,723,400원  |  총 평가손익: -408,600원
[2026-02-07 19:27:59.123] 모니터링 완료. 대기 중...
[2026-02-07 19:28:59.366] 모니터링 주기 시작...
[2026-02-07 19:29:01.388] 매도 실행: SK하이닉스 - 추세이탈(주의) [점수:6, RSI:58.7, ADX:48.1]
[2026-02-07 19:29:01.389] ======== [주문 실행] SELL ========
[2026-02-07 19:29:01.402] 대상: 000660, 수량: 15, 단가: 시장가(0)
[2026-02-07 19:29:01.406] API URL: https://openapivts.koreainvestment.com:29443/uapi/domestic-stock/v1/trading/order-cash
[2026-02-07 19:29:01.964] 결과: 실패 (모의투자 영업일이 아닙니다.) [Code: 40100000]
[2026-02-07 19:29:01.975] ========================================
[2026-02-07 19:29:02.589] 매도 실행: SK텔레콤 - 손절(-11.85%)
[2026-02-07 19:29:02.591] ======== [주문 실행] SELL ========
[2026-02-07 19:29:02.604] 대상: 017670, 수량: 2, 단가: 시장가(0)
[2026-02-07 19:29:02.608] API URL: https://openapivts.koreainvestment.com:29443/uapi/domestic-stock/v1/trading/order-cash
[2026-02-07 19:29:02.651] 결과: 실패 (모의투자 영업일이 아닙니다.) [Code: 40100000]
[2026-02-07 19:29:02.660] ========================================
[2026-02-07 19:29:04.453] -----------------------------------------------------------------------------------------------------------------------------
[2026-02-07 19:29:04.454] 종목명                           보유수량     매입단가       현재가        매입금액        평가금액       평가손익     수익률
[2026-02-07 19:29:04.466] -----------------------------------------------------------------------------------------------------------------------------
[2026-02-07 19:29:04.476] SK하이닉스 (000660)                  15주    865,000원    839,000원    12,975,000원    12,585,000원     -390,000원     -3.01%
[2026-02-07 19:29:04.483] SK텔레콤 (017670)                     2주     78,500원     69,200원       157,000원       138,400원      -18,600원    -11.85%
[2026-02-07 19:29:04.490] -----------------------------------------------------------------------------------------------------------------------------
[2026-02-07 19:29:04.496]    총 평가금액: 12,723,400원  |  총 평가손익: -408,600원
[2026-02-07 19:29:04.499] 모니터링 완료. 대기 중...
[2026-02-07 19:30:04.710] 모니터링 주기 시작...
[2026-02-07 19:30:06.696] 매도 실행: SK하이닉스 - 추세이탈(주의) [점수:6, RSI:58.7, ADX:48.1]
[2026-02-07 19:30:06.697] ======== [주문 실행] SELL ========
[2026-02-07 19:30:06.712] 대상: 000660, 수량: 15, 단가: 시장가(0)
[2026-02-07 19:30:06.720] API URL: https://openapivts.koreainvestment.com:29443/uapi/domestic-stock/v1/trading/order-cash
[2026-02-07 19:30:07.275] 결과: 실패 (모의투자 영업일이 아닙니다.) [Code: 40100000]
[2026-02-07 19:30:07.285] ========================================
[2026-02-07 19:30:07.899] 매도 실행: SK텔레콤 - 손절(-11.85%)
[2026-02-07 19:30:07.900] ======== [주문 실행] SELL ========
[2026-02-07 19:30:07.914] 대상: 017670, 수량: 2, 단가: 시장가(0)
[2026-02-07 19:30:07.922] API URL: https://openapivts.koreainvestment.com:29443/uapi/domestic-stock/v1/trading/order-cash
[2026-02-07 19:30:07.972] 결과: 실패 (모의투자 영업일이 아닙니다.) [Code: 40100000]
[2026-02-07 19:30:07.973] ========================================
[2026-02-07 19:30:09.786] -----------------------------------------------------------------------------------------------------------------------------
[2026-02-07 19:30:09.787] 종목명                           보유수량     매입단가       현재가        매입금액        평가금액       평가손익     수익률
[2026-02-07 19:30:09.800] -----------------------------------------------------------------------------------------------------------------------------
[2026-02-07 19:30:09.808] SK하이닉스 (000660)                  15주    865,000원    839,000원    12,975,000원    12,585,000원     -390,000원     -3.01%
[2026-02-07 19:30:09.816] SK텔레콤 (017670)                     2주     78,500원     69,200원       157,000원       138,400원      -18,600원    -11.85%
[2026-02-07 19:30:09.824] -----------------------------------------------------------------------------------------------------------------------------
[2026-02-07 19:30:09.832]    총 평가금액: 12,723,400원  |  총 평가손익: -408,600원
[2026-02-07 19:30:09.838] 모니터링 완료. 대기 중...
[2026-02-07 19:31:10.090] 모니터링 주기 시작...
[2026-02-07 19:31:12.093] 매도 실행: SK하이닉스 - 추세이탈(주의) [점수:6, RSI:58.7, ADX:48.1]
[2026-02-07 19:31:12.094] ======== [주문 실행] SELL ========
[2026-02-07 19:31:12.105] 대상: 000660, 수량: 15, 단가: 시장가(0)
[2026-02-07 19:31:12.114] API URL: https://openapivts.koreainvestment.com:29443/uapi/domestic-stock/v1/trading/order-cash
[2026-02-07 19:31:12.661] 결과: 실패 (모의투자 영업일이 아닙니다.) [Code: 40100000]
[2026-02-07 19:31:12.662] ========================================
[2026-02-07 19:31:13.282] 매도 실행: SK텔레콤 - 손절(-11.85%)
[2026-02-07 19:31:13.284] ======== [주문 실행] SELL ========
[2026-02-07 19:31:13.298] 대상: 017670, 수량: 2, 단가: 시장가(0)
[2026-02-07 19:31:13.307] API URL: https://openapivts.koreainvestment.com:29443/uapi/domestic-stock/v1/trading/order-cash
[2026-02-07 19:31:13.356] 결과: 실패 (모의투자 영업일이 아닙니다.) [Code: 40100000]
[2026-02-07 19:31:13.357] ========================================
[2026-02-07 19:31:15.157] -----------------------------------------------------------------------------------------------------------------------------
[2026-02-07 19:31:15.159] 종목명                           보유수량     매입단가       현재가        매입금액        평가금액       평가손익     수익률
[2026-02-07 19:31:15.172] -----------------------------------------------------------------------------------------------------------------------------
[2026-02-07 19:31:15.181] SK하이닉스 (000660)                  15주    865,000원    839,000원    12,975,000원    12,585,000원     -390,000원     -3.01%
[2026-02-07 19:31:15.189] SK텔레콤 (017670)                     2주     78,500원     69,200원       157,000원       138,400원      -18,600원    -11.85%
[2026-02-07 19:31:15.195] -----------------------------------------------------------------------------------------------------------------------------
[2026-02-07 19:31:15.202]    총 평가금액: 12,723,400원  |  총 평가손익: -408,600원
[2026-02-07 19:31:15.209] 모니터링 완료. 대기 중...
[2026-02-07 19:31:46.347] 시스템 중단
[2026-02-07 19:32:03.039] 모니터링 주기 시작...
[2026-02-07 19:32:03.040] 시스템 시작
[2026-02-07 19:32:05.041] 매도 실행: SK하이닉스 - 추세이탈(주의) [점수:6, RSI:58.7, ADX:48.1]
[2026-02-07 19:32:05.042] ======== [주문 실행] SELL ========
[2026-02-07 19:32:05.053] 대상: 000660, 수량: 15, 단가: 시장가(0)
[2026-02-07 19:32:05.064] API URL: https://openapivts.koreainvestment.com:29443/uapi/domestic-stock/v1/trading/order-cash
[2026-02-07 19:32:05.595] 결과: 실패 (모의투자 영업일이 아닙니다.) [Code: 40100000]
[2026-02-07 19:32:05.596] ========================================
[2026-02-07 19:32:06.211] 매도 실행: SK텔레콤 - 손절(-11.85%)
[2026-02-07 19:32:06.212] ======== [주문 실행] SELL ========
[2026-02-07 19:32:06.227] 대상: 017670, 수량: 2, 단가: 시장가(0)
[2026-02-07 19:32:06.243] API URL: https://openapivts.koreainvestment.com:29443/uapi/domestic-stock/v1/trading/order-cash
[2026-02-07 19:32:06.288] 결과: 실패 (모의투자 영업일이 아닙니다.) [Code: 40100000]
[2026-02-07 19:32:06.290] ========================================
[2026-02-07 19:32:08.095] -----------------------------------------------------------------------------------------------------------------------------
[2026-02-07 19:32:08.096] 종목명                           보유수량     매입단가       현재가        매입금액        평가금액       평가손익     수익률
[2026-02-07 19:32:08.110] -----------------------------------------------------------------------------------------------------------------------------
[2026-02-07 19:32:08.120] SK하이닉스 (000660)                  15주    865,000원    839,000원    12,975,000원    12,585,000원     -390,000원     -3.01%
[2026-02-07 19:32:08.130] SK텔레콤 (017670)                     2주     78,500원     69,200원       157,000원       138,400원      -18,600원    -11.85%
[2026-02-07 19:32:08.137] -----------------------------------------------------------------------------------------------------------------------------
[2026-02-07 19:32:08.145]    총 평가금액: 12,723,400원  |  총 평가손익: -408,600원
[2026-02-07 19:32:08.153] 모니터링 완료. 대기 중...
[2026-02-07 19:33:07.204] 모니터링 주기 시작...
[2026-02-07 19:33:07.205] 시스템 시작
[2026-02-07 19:33:09.216] 매도 실행: SK하이닉스 - 추세이탈(주의) [점수:6, RSI:58.7, ADX:48.1]
[2026-02-07 19:33:09.217] ======== [주문 실행] SELL ========
[2026-02-07 19:33:09.231] 대상: 000660, 수량: 15, 단가: 시장가(0)
[2026-02-07 19:33:09.235] API URL: https://openapivts.koreainvestment.com:29443/uapi/domestic-stock/v1/trading/order-cash
[2026-02-07 19:33:09.795] 결과: 실패 (모의투자 영업일이 아닙니다.) [Code: 40100000]
[2026-02-07 19:33:09.805] ========================================
[2026-02-07 19:33:10.420] 매도 실행: SK텔레콤 - 손절(-11.85%)
[2026-02-07 19:33:10.422] ======== [주문 실행] SELL ========
[2026-02-07 19:33:10.437] 대상: 017670, 수량: 2, 단가: 시장가(0)
[2026-02-07 19:33:10.449] API URL: https://openapivts.koreainvestment.com:29443/uapi/domestic-stock/v1/trading/order-cash
[2026-02-07 19:33:10.502] 결과: 실패 (모의투자 영업일이 아닙니다.) [Code: 40100000]
[2026-02-07 19:33:10.503] ========================================
[2026-02-07 19:33:12.308] -----------------------------------------------------------------------------------------------------------------------------
[2026-02-07 19:33:12.310] 종목명                           보유수량     매입단가       현재가        매입금액        평가금액       평가손익     수익률
[2026-02-07 19:33:12.327] -----------------------------------------------------------------------------------------------------------------------------
[2026-02-07 19:33:12.338] SK하이닉스 (000660)                  15주    865,000원    839,000원    12,975,000원    12,585,000원     -390,000원     -3.01%
[2026-02-07 19:33:12.349] SK텔레콤 (017670)                     2주     78,500원     69,200원       157,000원       138,400원      -18,600원    -11.85%
[2026-02-07 19:33:12.356] -----------------------------------------------------------------------------------------------------------------------------
[2026-02-07 19:33:12.363]    총 평가금액: 12,723,400원  |  총 평가손익: -408,600원
[2026-02-07 19:33:12.369] 모니터링 완료. 대기 중...
[2026-02-07 19:33:48.512] 시스템 중단
[2026-02-07 19:33:51.109] 모니터링 주기 시작...
[2026-02-07 19:33:51.110] 시스템 시작
[2026-02-07 19:33:53.096] 매도 실행: SK하이닉스 - 추세이탈(주의) [점수:6, RSI:58.7, ADX:48.1]
[2026-02-07 19:33:53.097] ======== [주문 실행] SELL ========
[2026-02-07 19:33:53.110] 대상: 000660, 수량: 15, 단가: 시장가(0)
[2026-02-07 19:33:53.118] API URL: https://openapivts.koreainvestment.com:29443/uapi/domestic-stock/v1/trading/order-cash
[2026-02-07 19:33:53.670] 결과: 실패 (모의투자 영업일이 아닙니다.) [Code: 40100000]
[2026-02-07 19:33:53.672] ========================================
[2026-02-07 19:33:54.290] 매도 실행: SK텔레콤 - 손절(-11.85%)
[2026-02-07 19:33:54.292] ======== [주문 실행] SELL ========
[2026-02-07 19:33:54.304] 대상: 017670, 수량: 2, 단가: 시장가(0)
[2026-02-07 19:33:54.312] API URL: https://openapivts.koreainvestment.com:29443/uapi/domestic-stock/v1/trading/order-cash
[2026-02-07 19:33:54.364] 결과: 실패 (모의투자 영업일이 아닙니다.) [Code: 40100000]
[2026-02-07 19:33:54.365] ========================================
[2026-02-07 19:33:56.174] -----------------------------------------------------------------------------------------------------------------------------
[2026-02-07 19:33:56.176] 종목명                           보유수량     매입단가       현재가        매입금액        평가금액       평가손익     수익률
[2026-02-07 19:33:56.189] -----------------------------------------------------------------------------------------------------------------------------
[2026-02-07 19:33:56.200] SK하이닉스 (000660)                  15주    865,000원    839,000원    12,975,000원    12,585,000원     -390,000원     -3.01%
[2026-02-07 19:33:56.210] SK텔레콤 (017670)                     2주     78,500원     69,200원       157,000원       138,400원      -18,600원    -11.85%
[2026-02-07 19:33:56.217] -----------------------------------------------------------------------------------------------------------------------------
[2026-02-07 19:33:56.224]    총 평가금액: 12,723,400원  |  총 평가손익: -408,600원
[2026-02-07 19:33:56.229] 모니터링 완료. 대기 중...
[2026-02-07 19:34:36.558] 모니터링 주기 시작...
[2026-02-07 19:34:36.559] 시스템 시작
[2026-02-07 19:34:38.544] 매도 실행: SK하이닉스 - 추세이탈(주의) [점수:6, RSI:58.7, ADX:48.1]
[2026-02-07 19:34:38.545] ======== [주문 실행] SELL ========
[2026-02-07 19:34:38.557] 대상: 000660, 수량: 15, 단가: 시장가(0)
[2026-02-07 19:34:38.565] API URL: https://openapivts.koreainvestment.com:29443/uapi/domestic-stock/v1/trading/order-cash
[2026-02-07 19:34:39.100] 결과: 실패 (모의투자 영업일이 아닙니다.) [Code: 40100000]
[2026-02-07 19:34:39.102] ========================================
[2026-02-07 19:34:39.721] 매도 실행: SK텔레콤 - 손절(-11.85%)
[2026-02-07 19:34:39.723] ======== [주문 실행] SELL ========
[2026-02-07 19:34:39.736] 대상: 017670, 수량: 2, 단가: 시장가(0)
[2026-02-07 19:34:39.746] API URL: https://openapivts.koreainvestment.com:29443/uapi/domestic-stock/v1/trading/order-cash
[2026-02-07 19:34:39.794] 결과: 실패 (모의투자 영업일이 아닙니다.) [Code: 40100000]
[2026-02-07 19:34:39.795] ========================================
[2026-02-07 19:34:41.600] -----------------------------------------------------------------------------------------------------------------------------
[2026-02-07 19:34:41.601] 종목명                           보유수량     매입단가       현재가        매입금액        평가금액       평가손익     수익률
[2026-02-07 19:34:41.612] -----------------------------------------------------------------------------------------------------------------------------
[2026-02-07 19:34:41.620] SK하이닉스 (000660)                  15주    865,000원    839,000원    12,975,000원    12,585,000원     -390,000원     -3.01%
[2026-02-07 19:34:41.630] SK텔레콤 (017670)                     2주     78,500원     69,200원       157,000원       138,400원      -18,600원    -11.85%
[2026-02-07 19:34:41.638] -----------------------------------------------------------------------------------------------------------------------------
[2026-02-07 19:34:41.644]    총 평가금액: 12,723,400원  |  총 평가손익: -408,600원
[2026-02-07 19:34:41.650] 모니터링 완료. 대기 중...
[2026-02-07 19:35:41.896] 모니터링 주기 시작...
[2026-02-07 19:35:43.889] 매도 실행: SK하이닉스 - 추세이탈(주의) [점수:6, RSI:58.7, ADX:48.1]
[2026-02-07 19:35:43.890] ======== [주문 실행] SELL ========
[2026-02-07 19:35:43.900] 대상: 000660, 수량: 15, 단가: 시장가(0)
[2026-02-07 19:35:43.908] API URL: https://openapivts.koreainvestment.com:29443/uapi/domestic-stock/v1/trading/order-cash
[2026-02-07 19:35:44.491] 결과: 실패 (모의투자 영업일이 아닙니다.) [Code: 40100000]
[2026-02-07 19:35:44.492] ========================================
[2026-02-07 19:35:45.112] 매도 실행: SK텔레콤 - 손절(-11.85%)
[2026-02-07 19:35:45.113] ======== [주문 실행] SELL ========
[2026-02-07 19:35:45.125] 대상: 017670, 수량: 2, 단가: 시장가(0)
[2026-02-07 19:35:45.136] API URL: https://openapivts.koreainvestment.com:29443/uapi/domestic-stock/v1/trading/order-cash
[2026-02-07 19:35:45.200] 결과: 실패 (모의투자 영업일이 아닙니다.) [Code: 40100000]
[2026-02-07 19:35:45.201] ========================================
[2026-02-07 19:35:47.009] -----------------------------------------------------------------------------------------------------------------------------
[2026-02-07 19:35:47.011] 종목명                           보유수량     매입단가       현재가        매입금액        평가금액       평가손익     수익률
[2026-02-07 19:35:47.024] -----------------------------------------------------------------------------------------------------------------------------
[2026-02-07 19:35:47.033] SK하이닉스 (000660)                  15주    865,000원    839,000원    12,975,000원    12,585,000원     -390,000원     -3.01%
[2026-02-07 19:35:47.041] SK텔레콤 (017670)                     2주     78,500원     69,200원       157,000원       138,400원      -18,600원    -11.85%
[2026-02-07 19:35:47.048] -----------------------------------------------------------------------------------------------------------------------------
[2026-02-07 19:35:47.056]    총 평가금액: 12,723,400원  |  총 평가손익: -408,600원
[2026-02-07 19:35:47.063] 모니터링 완료. 대기 중...
[2026-02-07 19:36:47.291] 모니터링 주기 시작...
[2026-02-07 19:36:49.271] 매도 실행: SK하이닉스 - 추세이탈(주의) [점수:6, RSI:58.7, ADX:48.1]
[2026-02-07 19:36:49.272] ======== [주문 실행] SELL ========
[2026-02-07 19:36:49.286] 대상: 000660, 수량: 15, 단가: 시장가(0)
[2026-02-07 19:36:49.295] API URL: https://openapivts.koreainvestment.com:29443/uapi/domestic-stock/v1/trading/order-cash
[2026-02-07 19:36:49.838] 결과: 실패 (모의투자 영업일이 아닙니다.) [Code: 40100000]
[2026-02-07 19:36:49.840] ========================================
[2026-02-07 19:36:50.459] 매도 실행: SK텔레콤 - 손절(-11.85%)
[2026-02-07 19:36:50.460] ======== [주문 실행] SELL ========
[2026-02-07 19:36:50.470] 대상: 017670, 수량: 2, 단가: 시장가(0)
[2026-02-07 19:36:50.481] API URL: https://openapivts.koreainvestment.com:29443/uapi/domestic-stock/v1/trading/order-cash
[2026-02-07 19:36:50.523] 결과: 실패 (모의투자 영업일이 아닙니다.) [Code: 40100000]
[2026-02-07 19:36:50.524] ========================================
[2026-02-07 19:36:52.332] -----------------------------------------------------------------------------------------------------------------------------
[2026-02-07 19:36:52.333] 종목명                           보유수량     매입단가       현재가        매입금액        평가금액       평가손익     수익률
[2026-02-07 19:36:52.346] -----------------------------------------------------------------------------------------------------------------------------
[2026-02-07 19:36:52.355] SK하이닉스 (000660)                  15주    865,000원    839,000원    12,975,000원    12,585,000원     -390,000원     -3.01%
[2026-02-07 19:36:52.362] SK텔레콤 (017670)                     2주     78,500원     69,200원       157,000원       138,400원      -18,600원    -11.85%
[2026-02-07 19:36:52.368] -----------------------------------------------------------------------------------------------------------------------------
[2026-02-07 19:36:52.376]    총 평가금액: 12,723,400원  |  총 평가손익: -408,600원
[2026-02-07 19:36:52.382] 모니터링 완료. 대기 중...
[2026-02-07 19:37:52.612] 모니터링 주기 시작...
[2026-02-07 19:37:54.621] 매도 실행: SK하이닉스 - 추세이탈(주의) [점수:6, RSI:58.7, ADX:48.1]
[2026-02-07 19:37:54.622] ======== [주문 실행] SELL ========
[2026-02-07 19:37:54.637] 대상: 000660, 수량: 15, 단가: 시장가(0)
[2026-02-07 19:37:54.646] API URL: https://openapivts.koreainvestment.com:29443/uapi/domestic-stock/v1/trading/order-cash
[2026-02-07 19:37:55.227] 결과: 실패 (모의투자 영업일이 아닙니다.) [Code: 40100000]
[2026-02-07 19:37:55.228] ========================================
[2026-02-07 19:37:55.846] 매도 실행: SK텔레콤 - 손절(-11.85%)
[2026-02-07 19:37:55.847] ======== [주문 실행] SELL ========
[2026-02-07 19:37:55.861] 대상: 017670, 수량: 2, 단가: 시장가(0)
[2026-02-07 19:37:55.870] API URL: https://openapivts.koreainvestment.com:29443/uapi/domestic-stock/v1/trading/order-cash
[2026-02-07 19:37:55.920] 결과: 실패 (모의투자 영업일이 아닙니다.) [Code: 40100000]
[2026-02-07 19:37:55.921] ========================================
[2026-02-07 19:37:57.730] -----------------------------------------------------------------------------------------------------------------------------
[2026-02-07 19:37:57.731] 종목명                           보유수량     매입단가       현재가        매입금액        평가금액       평가손익     수익률
[2026-02-07 19:37:57.742] -----------------------------------------------------------------------------------------------------------------------------
[2026-02-07 19:37:57.750] SK하이닉스 (000660)                  15주    865,000원    839,000원    12,975,000원    12,585,000원     -390,000원     -3.01%
[2026-02-07 19:37:57.757] SK텔레콤 (017670)                     2주     78,500원     69,200원       157,000원       138,400원      -18,600원    -11.85%
[2026-02-07 19:37:57.764] -----------------------------------------------------------------------------------------------------------------------------
[2026-02-07 19:37:57.770]    총 평가금액: 12,723,400원  |  총 평가손익: -408,600원
[2026-02-07 19:37:57.776] 모니터링 완료. 대기 중...
[2026-02-07 19:38:58.020] 모니터링 주기 시작...
[2026-02-07 19:39:00.025] 매도 실행: SK하이닉스 - 추세이탈(주의) [점수:6, RSI:58.7, ADX:48.1]
[2026-02-07 19:39:00.026] ======== [주문 실행] SELL ========
[2026-02-07 19:39:00.038] 대상: 000660, 수량: 15, 단가: 시장가(0)
[2026-02-07 19:39:00.046] API URL: https://openapivts.koreainvestment.com:29443/uapi/domestic-stock/v1/trading/order-cash
[2026-02-07 19:39:00.588] 결과: 실패 (모의투자 영업일이 아닙니다.) [Code: 40100000]
[2026-02-07 19:39:00.589] ========================================
[2026-02-07 19:39:01.203] 매도 실행: SK텔레콤 - 손절(-11.85%)
[2026-02-07 19:39:01.204] ======== [주문 실행] SELL ========
[2026-02-07 19:39:01.215] 대상: 017670, 수량: 2, 단가: 시장가(0)
[2026-02-07 19:39:01.225] API URL: https://openapivts.koreainvestment.com:29443/uapi/domestic-stock/v1/trading/order-cash
[2026-02-07 19:39:01.272] 결과: 실패 (모의투자 영업일이 아닙니다.) [Code: 40100000]
[2026-02-07 19:39:01.274] ========================================
[2026-02-07 19:39:03.077] -----------------------------------------------------------------------------------------------------------------------------
[2026-02-07 19:39:03.079] 종목명                           보유수량     매입단가       현재가        매입금액        평가금액       평가손익     수익률
[2026-02-07 19:39:03.092] -----------------------------------------------------------------------------------------------------------------------------
[2026-02-07 19:39:03.101] SK하이닉스 (000660)                  15주    865,000원    839,000원    12,975,000원    12,585,000원     -390,000원     -3.01%
[2026-02-07 19:39:03.113] SK텔레콤 (017670)                     2주     78,500원     69,200원       157,000원       138,400원      -18,600원    -11.85%
[2026-02-07 19:39:03.122] -----------------------------------------------------------------------------------------------------------------------------
[2026-02-07 19:39:03.130]    총 평가금액: 12,723,400원  |  총 평가손익: -408,600원
[2026-02-07 19:39:03.136] 모니터링 완료. 대기 중...
[2026-02-07 19:40:03.340] 모니터링 주기 시작...
[2026-02-07 19:40:05.350] 매도 실행: SK하이닉스 - 추세이탈(주의) [점수:6, RSI:58.7, ADX:48.1]
[2026-02-07 19:40:05.351] ======== [주문 실행] SELL ========
[2026-02-07 19:40:05.364] 대상: 000660, 수량: 15, 단가: 시장가(0)
[2026-02-07 19:40:05.373] API URL: https://openapivts.koreainvestment.com:29443/uapi/domestic-stock/v1/trading/order-cash
[2026-02-07 19:40:05.904] 결과: 실패 (모의투자 영업일이 아닙니다.) [Code: 40100000]
[2026-02-07 19:40:05.906] ========================================
[2026-02-07 19:40:06.521] 매도 실행: SK텔레콤 - 손절(-11.85%)
[2026-02-07 19:40:06.523] ======== [주문 실행] SELL ========
[2026-02-07 19:40:06.538] 대상: 017670, 수량: 2, 단가: 시장가(0)
[2026-02-07 19:40:06.547] API URL: https://openapivts.koreainvestment.com:29443/uapi/domestic-stock/v1/trading/order-cash
[2026-02-07 19:40:06.595] 결과: 실패 (모의투자 영업일이 아닙니다.) [Code: 40100000]
[2026-02-07 19:40:06.596] ========================================
[2026-02-07 19:40:08.406] -----------------------------------------------------------------------------------------------------------------------------
[2026-02-07 19:40:08.407] 종목명                           보유수량     매입단가       현재가        매입금액        평가금액       평가손익     수익률
[2026-02-07 19:40:08.422] -----------------------------------------------------------------------------------------------------------------------------
[2026-02-07 19:40:08.430] SK하이닉스 (000660)                  15주    865,000원    839,000원    12,975,000원    12,585,000원     -390,000원     -3.01%
[2026-02-07 19:40:08.437] SK텔레콤 (017670)                     2주     78,500원     69,200원       157,000원       138,400원      -18,600원    -11.85%
[2026-02-07 19:40:08.446] -----------------------------------------------------------------------------------------------------------------------------
[2026-02-07 19:40:08.455]    총 평가금액: 12,723,400원  |  총 평가손익: -408,600원
[2026-02-07 19:40:08.462] 모니터링 완료. 대기 중...
[2026-02-07 19:41:08.689] 모니터링 주기 시작...
[2026-02-07 19:41:10.696] 매도 실행: SK하이닉스 - 추세이탈(주의) [점수:6, RSI:58.7, ADX:48.1]
[2026-02-07 19:41:10.696] ======== [주문 실행] SELL ========
[2026-02-07 19:41:10.704] 대상: 000660, 수량: 15, 단가: 시장가(0)
[2026-02-07 19:41:10.712] API URL: https://openapivts.koreainvestment.com:29443/uapi/domestic-stock/v1/trading/order-cash
[2026-02-07 19:41:11.278] 결과: 실패 (모의투자 영업일이 아닙니다.) [Code: 40100000]
[2026-02-07 19:41:11.278] ========================================
[2026-02-07 19:41:11.889] 매도 실행: SK텔레콤 - 손절(-11.85%)
[2026-02-07 19:41:11.891] ======== [주문 실행] SELL ========
[2026-02-07 19:41:11.904] 대상: 017670, 수량: 2, 단가: 시장가(0)
[2026-02-07 19:41:11.914] API URL: https://openapivts.koreainvestment.com:29443/uapi/domestic-stock/v1/trading/order-cash
[2026-02-07 19:41:11.958] 결과: 실패 (모의투자 영업일이 아닙니다.) [Code: 40100000]
[2026-02-07 19:41:11.959] ========================================
[2026-02-07 19:41:13.770] -----------------------------------------------------------------------------------------------------------------------------
[2026-02-07 19:41:13.771] 종목명                           보유수량     매입단가       현재가        매입금액        평가금액       평가손익     수익률
[2026-02-07 19:41:13.785] -----------------------------------------------------------------------------------------------------------------------------
[2026-02-07 19:41:13.795] SK하이닉스 (000660)                  15주    865,000원    839,000원    12,975,000원    12,585,000원     -390,000원     -3.01%
[2026-02-07 19:41:13.804] SK텔레콤 (017670)                     2주     78,500원     69,200원       157,000원       138,400원      -18,600원    -11.85%
[2026-02-07 19:41:13.812] -----------------------------------------------------------------------------------------------------------------------------
[2026-02-07 19:41:13.820]    총 평가금액: 12,723,400원  |  총 평가손익: -408,600원
[2026-02-07 19:41:13.827] 모니터링 완료. 대기 중...
[2026-02-07 19:42:14.068] 모니터링 주기 시작...
[2026-02-07 19:42:16.074] 매도 실행: SK하이닉스 - 추세이탈(주의) [점수:6, RSI:58.7, ADX:48.1]
[2026-02-07 19:42:16.075] ======== [주문 실행] SELL ========
[2026-02-07 19:42:16.088] 대상: 000660, 수량: 15, 단가: 시장가(0)
[2026-02-07 19:42:16.098] API URL: https://openapivts.koreainvestment.com:29443/uapi/domestic-stock/v1/trading/order-cash
[2026-02-07 19:42:16.627] 결과: 실패 (모의투자 영업일이 아닙니다.) [Code: 40100000]
[2026-02-07 19:42:16.629] ========================================
[2026-02-07 19:42:17.246] 매도 실행: SK텔레콤 - 손절(-11.85%)
[2026-02-07 19:42:17.247] ======== [주문 실행] SELL ========
[2026-02-07 19:42:17.262] 대상: 017670, 수량: 2, 단가: 시장가(0)
[2026-02-07 19:42:17.272] API URL: https://openapivts.koreainvestment.com:29443/uapi/domestic-stock/v1/trading/order-cash
[2026-02-07 19:42:17.321] 결과: 실패 (모의투자 영업일이 아닙니다.) [Code: 40100000]
[2026-02-07 19:42:17.322] ========================================
[2026-02-07 19:42:19.122] -----------------------------------------------------------------------------------------------------------------------------
[2026-02-07 19:42:19.123] 종목명                           보유수량     매입단가       현재가        매입금액        평가금액       평가손익     수익률
[2026-02-07 19:42:19.139] -----------------------------------------------------------------------------------------------------------------------------
[2026-02-07 19:42:19.149] SK하이닉스 (000660)                  15주    865,000원    839,000원    12,975,000원    12,585,000원     -390,000원     -3.01%
[2026-02-07 19:42:19.157] SK텔레콤 (017670)                     2주     78,500원     69,200원       157,000원       138,400원      -18,600원    -11.85%
[2026-02-07 19:42:19.164] -----------------------------------------------------------------------------------------------------------------------------
[2026-02-07 19:42:19.170]    총 평가금액: 12,723,400원  |  총 평가손익: -408,600원
[2026-02-07 19:42:19.177] 모니터링 완료. 대기 중...
[2026-02-07 19:43:19.377] 모니터링 주기 시작...
[2026-02-07 19:43:21.374] 매도 실행: SK하이닉스 - 추세이탈(주의) [점수:6, RSI:58.7, ADX:48.1]
[2026-02-07 19:43:21.375] ======== [주문 실행] SELL ========
[2026-02-07 19:43:21.387] 대상: 000660, 수량: 15, 단가: 시장가(0)
[2026-02-07 19:43:21.397] API URL: https://openapivts.koreainvestment.com:29443/uapi/domestic-stock/v1/trading/order-cash
[2026-02-07 19:43:21.930] 결과: 실패 (모의투자 영업일이 아닙니다.) [Code: 40100000]
[2026-02-07 19:43:21.931] ========================================
[2026-02-07 19:43:22.551] 매도 실행: SK텔레콤 - 손절(-11.85%)
[2026-02-07 19:43:22.552] ======== [주문 실행] SELL ========
[2026-02-07 19:43:22.564] 대상: 017670, 수량: 2, 단가: 시장가(0)
[2026-02-07 19:43:22.575] API URL: https://openapivts.koreainvestment.com:29443/uapi/domestic-stock/v1/trading/order-cash
[2026-02-07 19:43:22.626] 결과: 실패 (모의투자 영업일이 아닙니다.) [Code: 40100000]
[2026-02-07 19:43:22.628] ========================================
[2026-02-07 19:43:24.433] -----------------------------------------------------------------------------------------------------------------------------
[2026-02-07 19:43:24.434] 종목명                           보유수량     매입단가       현재가        매입금액        평가금액       평가손익     수익률
[2026-02-07 19:43:24.444] -----------------------------------------------------------------------------------------------------------------------------
[2026-02-07 19:43:24.454] SK하이닉스 (000660)                  15주    865,000원    839,000원    12,975,000원    12,585,000원     -390,000원     -3.01%
[2026-02-07 19:43:24.463] SK텔레콤 (017670)                     2주     78,500원     69,200원       157,000원       138,400원      -18,600원    -11.85%
[2026-02-07 19:43:24.471] -----------------------------------------------------------------------------------------------------------------------------
[2026-02-07 19:43:24.477]    총 평가금액: 12,723,400원  |  총 평가손익: -408,600원
[2026-02-07 19:43:24.481] 모니터링 완료. 대기 중...
[2026-02-07 19:44:24.717] 모니터링 주기 시작...
[2026-02-07 19:44:26.726] 매도 실행: SK하이닉스 - 추세이탈(주의) [점수:6, RSI:58.7, ADX:48.1]
[2026-02-07 19:44:26.726] ======== [주문 실행] SELL ========
[2026-02-07 19:44:26.736] 대상: 000660, 수량: 15, 단가: 시장가(0)
[2026-02-07 19:44:26.740] API URL: https://openapivts.koreainvestment.com:29443/uapi/domestic-stock/v1/trading/order-cash
[2026-02-07 19:44:27.295] 결과: 실패 (모의투자 영업일이 아닙니다.) [Code: 40100000]
[2026-02-07 19:44:27.302] ========================================
[2026-02-07 19:44:27.918] 매도 실행: SK텔레콤 - 손절(-11.85%)
[2026-02-07 19:44:27.920] ======== [주문 실행] SELL ========
[2026-02-07 19:44:27.932] 대상: 017670, 수량: 2, 단가: 시장가(0)
[2026-02-07 19:44:27.943] API URL: https://openapivts.koreainvestment.com:29443/uapi/domestic-stock/v1/trading/order-cash
[2026-02-07 19:44:28.001] 결과: 실패 (모의투자 영업일이 아닙니다.) [Code: 40100000]
[2026-02-07 19:44:28.003] ========================================
[2026-02-07 19:44:29.796] -----------------------------------------------------------------------------------------------------------------------------
[2026-02-07 19:44:29.797] 종목명                           보유수량     매입단가       현재가        매입금액        평가금액       평가손익     수익률
[2026-02-07 19:44:29.809] -----------------------------------------------------------------------------------------------------------------------------
[2026-02-07 19:44:29.817] SK하이닉스 (000660)                  15주    865,000원    839,000원    12,975,000원    12,585,000원     -390,000원     -3.01%
[2026-02-07 19:44:29.828] SK텔레콤 (017670)                     2주     78,500원     69,200원       157,000원       138,400원      -18,600원    -11.85%
[2026-02-07 19:44:29.836] -----------------------------------------------------------------------------------------------------------------------------
[2026-02-07 19:44:29.846]    총 평가금액: 12,723,400원  |  총 평가손익: -408,600원
[2026-02-07 19:44:29.853] 모니터링 완료. 대기 중...
[2026-02-07 19:45:30.111] 모니터링 주기 시작...
[2026-02-07 19:45:32.134] 매도 실행: SK하이닉스 - 추세이탈(주의) [점수:6, RSI:58.7, ADX:48.1]
[2026-02-07 19:45:32.135] ======== [주문 실행] SELL ========
[2026-02-07 19:45:32.144] 대상: 000660, 수량: 15, 단가: 시장가(0)
[2026-02-07 19:45:32.151] API URL: https://openapivts.koreainvestment.com:29443/uapi/domestic-stock/v1/trading/order-cash
[2026-02-07 19:45:32.676] 결과: 실패 (모의투자 영업일이 아닙니다.) [Code: 40100000]
[2026-02-07 19:45:32.679] ========================================
[2026-02-07 19:45:33.285] 매도 실행: SK텔레콤 - 손절(-11.85%)
[2026-02-07 19:45:33.286] ======== [주문 실행] SELL ========
[2026-02-07 19:45:33.289] 대상: 017670, 수량: 2, 단가: 시장가(0)
[2026-02-07 19:45:33.293] API URL: https://openapivts.koreainvestment.com:29443/uapi/domestic-stock/v1/trading/order-cash
[2026-02-07 19:45:33.333] 결과: 실패 (모의투자 영업일이 아닙니다.) [Code: 40100000]
[2026-02-07 19:45:33.333] ========================================
[2026-02-07 19:45:35.136] -----------------------------------------------------------------------------------------------------------------------------
[2026-02-07 19:45:35.138] 종목명                           보유수량     매입단가       현재가        매입금액        평가금액       평가손익     수익률
[2026-02-07 19:45:35.145] -----------------------------------------------------------------------------------------------------------------------------
[2026-02-07 19:45:35.152] SK하이닉스 (000660)                  15주    865,000원    839,000원    12,975,000원    12,585,000원     -390,000원     -3.01%
[2026-02-07 19:45:35.158] SK텔레콤 (017670)                     2주     78,500원     69,200원       157,000원       138,400원      -18,600원    -11.85%
[2026-02-07 19:45:35.162] -----------------------------------------------------------------------------------------------------------------------------
[2026-02-07 19:45:35.165]    총 평가금액: 12,723,400원  |  총 평가손익: -408,600원
[2026-02-07 19:45:35.169] 모니터링 완료. 대기 중...
[2026-02-07 19:46:35.399] 모니터링 주기 시작...
[2026-02-07 19:46:37.368] 매도 실행: SK하이닉스 - 추세이탈(주의) [점수:6, RSI:58.7, ADX:48.1]
[2026-02-07 19:46:37.369] ======== [주문 실행] SELL ========
[2026-02-07 19:46:37.381] 대상: 000660, 수량: 15, 단가: 시장가(0)
[2026-02-07 19:46:37.392] API URL: https://openapivts.koreainvestment.com:29443/uapi/domestic-stock/v1/trading/order-cash
[2026-02-07 19:46:37.925] 결과: 실패 (모의투자 영업일이 아닙니다.) [Code: 40100000]
[2026-02-07 19:46:37.926] ========================================
[2026-02-07 19:46:38.541] 매도 실행: SK텔레콤 - 손절(-11.85%)
[2026-02-07 19:46:38.542] ======== [주문 실행] SELL ========
[2026-02-07 19:46:38.554] 대상: 017670, 수량: 2, 단가: 시장가(0)
[2026-02-07 19:46:38.566] API URL: https://openapivts.koreainvestment.com:29443/uapi/domestic-stock/v1/trading/order-cash
[2026-02-07 19:46:38.613] 결과: 실패 (모의투자 영업일이 아닙니다.) [Code: 40100000]
[2026-02-07 19:46:38.614] ========================================
[2026-02-07 19:46:40.418] -----------------------------------------------------------------------------------------------------------------------------
[2026-02-07 19:46:40.419] 종목명                           보유수량     매입단가       현재가        매입금액        평가금액       평가손익     수익률
[2026-02-07 19:46:40.430] -----------------------------------------------------------------------------------------------------------------------------
[2026-02-07 19:46:40.440] SK하이닉스 (000660)                  15주    865,000원    839,000원    12,975,000원    12,585,000원     -390,000원     -3.01%
[2026-02-07 19:46:40.447] SK텔레콤 (017670)                     2주     78,500원     69,200원       157,000원       138,400원      -18,600원    -11.85%
[2026-02-07 19:46:40.454] -----------------------------------------------------------------------------------------------------------------------------
[2026-02-07 19:46:40.460]    총 평가금액: 12,723,400원  |  총 평가손익: -408,600원
[2026-02-07 19:46:40.466] 모니터링 완료. 대기 중...
[2026-02-07 19:47:40.699] 모니터링 주기 시작...
[2026-02-07 19:47:42.690] 매도 실행: SK하이닉스 - 추세이탈(주의) [점수:6, RSI:58.7, ADX:48.1]
[2026-02-07 19:47:42.690] ======== [주문 실행] SELL ========
[2026-02-07 19:47:42.701] 대상: 000660, 수량: 15, 단가: 시장가(0)
[2026-02-07 19:47:42.709] API URL: https://openapivts.koreainvestment.com:29443/uapi/domestic-stock/v1/trading/order-cash
[2026-02-07 19:47:43.259] 결과: 실패 (모의투자 영업일이 아닙니다.) [Code: 40100000]
[2026-02-07 19:47:43.260] ========================================
[2026-02-07 19:47:43.878] 매도 실행: SK텔레콤 - 손절(-11.85%)
[2026-02-07 19:47:43.880] ======== [주문 실행] SELL ========
[2026-02-07 19:47:43.893] 대상: 017670, 수량: 2, 단가: 시장가(0)
[2026-02-07 19:47:43.902] API URL: https://openapivts.koreainvestment.com:29443/uapi/domestic-stock/v1/trading/order-cash
[2026-02-07 19:47:43.949] 결과: 실패 (모의투자 영업일이 아닙니다.) [Code: 40100000]
[2026-02-07 19:47:43.951] ========================================
[2026-02-07 19:47:45.766] -----------------------------------------------------------------------------------------------------------------------------
[2026-02-07 19:47:45.767] 종목명                           보유수량     매입단가       현재가        매입금액        평가금액       평가손익     수익률
[2026-02-07 19:47:45.782] -----------------------------------------------------------------------------------------------------------------------------
[2026-02-07 19:47:45.792] SK하이닉스 (000660)                  15주    865,000원    839,000원    12,975,000원    12,585,000원     -390,000원     -3.01%
[2026-02-07 19:47:45.800] SK텔레콤 (017670)                     2주     78,500원     69,200원       157,000원       138,400원      -18,600원    -11.85%
[2026-02-07 19:47:45.809] -----------------------------------------------------------------------------------------------------------------------------
[2026-02-07 19:47:45.816]    총 평가금액: 12,723,400원  |  총 평가손익: -408,600원
[2026-02-07 19:47:45.823] 모니터링 완료. 대기 중...
[2026-02-07 19:48:46.026] 모니터링 주기 시작...
[2026-02-07 19:48:48.016] 매도 실행: SK하이닉스 - 추세이탈(주의) [점수:6, RSI:58.7, ADX:48.1]
[2026-02-07 19:48:48.016] ======== [주문 실행] SELL ========
[2026-02-07 19:48:48.027] 대상: 000660, 수량: 15, 단가: 시장가(0)
[2026-02-07 19:48:48.035] API URL: https://openapivts.koreainvestment.com:29443/uapi/domestic-stock/v1/trading/order-cash
[2026-02-07 19:48:48.575] 결과: 실패 (모의투자 영업일이 아닙니다.) [Code: 40100000]
[2026-02-07 19:48:48.576] ========================================
[2026-02-07 19:48:49.191] 매도 실행: SK텔레콤 - 손절(-11.85%)
[2026-02-07 19:48:49.192] ======== [주문 실행] SELL ========
[2026-02-07 19:48:49.206] 대상: 017670, 수량: 2, 단가: 시장가(0)
[2026-02-07 19:48:49.215] API URL: https://openapivts.koreainvestment.com:29443/uapi/domestic-stock/v1/trading/order-cash
[2026-02-07 19:48:49.263] 결과: 실패 (모의투자 영업일이 아닙니다.) [Code: 40100000]
[2026-02-07 19:48:49.264] ========================================
[2026-02-07 19:48:51.079] -----------------------------------------------------------------------------------------------------------------------------
[2026-02-07 19:48:51.081] 종목명                           보유수량     매입단가       현재가        매입금액        평가금액       평가손익     수익률
[2026-02-07 19:48:51.094] -----------------------------------------------------------------------------------------------------------------------------
[2026-02-07 19:48:51.102] SK하이닉스 (000660)                  15주    865,000원    839,000원    12,975,000원    12,585,000원     -390,000원     -3.01%
[2026-02-07 19:48:51.110] SK텔레콤 (017670)                     2주     78,500원     69,200원       157,000원       138,400원      -18,600원    -11.85%
[2026-02-07 19:48:51.116] -----------------------------------------------------------------------------------------------------------------------------
[2026-02-07 19:48:51.122]    총 평가금액: 12,723,400원  |  총 평가손익: -408,600원
[2026-02-07 19:48:51.127] 모니터링 완료. 대기 중...
[2026-02-07 19:49:51.340] 모니터링 주기 시작...
[2026-02-07 19:49:53.349] 매도 실행: SK하이닉스 - 추세이탈(주의) [점수:6, RSI:58.7, ADX:48.1]
[2026-02-07 19:49:53.350] ======== [주문 실행] SELL ========
[2026-02-07 19:49:53.362] 대상: 000660, 수량: 15, 단가: 시장가(0)
[2026-02-07 19:49:53.370] API URL: https://openapivts.koreainvestment.com:29443/uapi/domestic-stock/v1/trading/order-cash
[2026-02-07 19:49:53.938] 결과: 실패 (모의투자 영업일이 아닙니다.) [Code: 40100000]
[2026-02-07 19:49:53.940] ========================================
[2026-02-07 19:49:54.553] 매도 실행: SK텔레콤 - 손절(-11.85%)
[2026-02-07 19:49:54.555] ======== [주문 실행] SELL ========
[2026-02-07 19:49:54.569] 대상: 017670, 수량: 2, 단가: 시장가(0)
[2026-02-07 19:49:54.578] API URL: https://openapivts.koreainvestment.com:29443/uapi/domestic-stock/v1/trading/order-cash
[2026-02-07 19:49:54.629] 결과: 실패 (모의투자 영업일이 아닙니다.) [Code: 40100000]
[2026-02-07 19:49:54.630] ========================================
[2026-02-07 19:49:56.442] -----------------------------------------------------------------------------------------------------------------------------
[2026-02-07 19:49:56.444] 종목명                           보유수량     매입단가       현재가        매입금액        평가금액       평가손익     수익률
[2026-02-07 19:49:56.459] -----------------------------------------------------------------------------------------------------------------------------
[2026-02-07 19:49:56.467] SK하이닉스 (000660)                  15주    865,000원    839,000원    12,975,000원    12,585,000원     -390,000원     -3.01%
[2026-02-07 19:49:56.475] SK텔레콤 (017670)                     2주     78,500원     69,200원       157,000원       138,400원      -18,600원    -11.85%
[2026-02-07 19:49:56.481] -----------------------------------------------------------------------------------------------------------------------------
[2026-02-07 19:49:56.486]    총 평가금액: 12,723,400원  |  총 평가손익: -408,600원
[2026-02-07 19:49:56.492] 모니터링 완료. 대기 중...
[2026-02-07 19:50:56.701] 모니터링 주기 시작...
[2026-02-07 19:50:58.694] 매도 실행: SK하이닉스 - 추세이탈(주의) [점수:6, RSI:58.7, ADX:48.1]
[2026-02-07 19:50:58.695] ======== [주문 실행] SELL ========
[2026-02-07 19:50:58.707] 대상: 000660, 수량: 15, 단가: 시장가(0)
[2026-02-07 19:50:58.716] API URL: https://openapivts.koreainvestment.com:29443/uapi/domestic-stock/v1/trading/order-cash
[2026-02-07 19:50:59.291] 결과: 실패 (모의투자 영업일이 아닙니다.) [Code: 40100000]
[2026-02-07 19:50:59.301] ========================================
[2026-02-07 19:50:59.916] 매도 실행: SK텔레콤 - 손절(-11.85%)
[2026-02-07 19:50:59.917] ======== [주문 실행] SELL ========
[2026-02-07 19:50:59.931] 대상: 017670, 수량: 2, 단가: 시장가(0)
[2026-02-07 19:50:59.940] API URL: https://openapivts.koreainvestment.com:29443/uapi/domestic-stock/v1/trading/order-cash
[2026-02-07 19:50:59.987] 결과: 실패 (모의투자 영업일이 아닙니다.) [Code: 40100000]
[2026-02-07 19:50:59.988] ========================================
[2026-02-07 19:51:01.793] -----------------------------------------------------------------------------------------------------------------------------
[2026-02-07 19:51:01.795] 종목명                           보유수량     매입단가       현재가        매입금액        평가금액       평가손익     수익률
[2026-02-07 19:51:01.808] -----------------------------------------------------------------------------------------------------------------------------
[2026-02-07 19:51:01.816] SK하이닉스 (000660)                  15주    865,000원    839,000원    12,975,000원    12,585,000원     -390,000원     -3.01%
[2026-02-07 19:51:01.825] SK텔레콤 (017670)                     2주     78,500원     69,200원       157,000원       138,400원      -18,600원    -11.85%
[2026-02-07 19:51:01.834] -----------------------------------------------------------------------------------------------------------------------------
[2026-02-07 19:51:01.841]    총 평가금액: 12,723,400원  |  총 평가손익: -408,600원
[2026-02-07 19:51:01.847] 모니터링 완료. 대기 중...
[2026-02-07 19:52:02.067] 모니터링 주기 시작...
[2026-02-07 19:52:04.057] 매도 실행: SK하이닉스 - 추세이탈(주의) [점수:6, RSI:58.7, ADX:48.1]
[2026-02-07 19:52:04.058] ======== [주문 실행] SELL ========
[2026-02-07 19:52:04.071] 대상: 000660, 수량: 15, 단가: 시장가(0)
[2026-02-07 19:52:04.081] API URL: https://openapivts.koreainvestment.com:29443/uapi/domestic-stock/v1/trading/order-cash
[2026-02-07 19:52:04.609] 결과: 실패 (모의투자 영업일이 아닙니다.) [Code: 40100000]
[2026-02-07 19:52:04.611] ========================================
[2026-02-07 19:52:05.227] 매도 실행: SK텔레콤 - 손절(-11.85%)
[2026-02-07 19:52:05.229] ======== [주문 실행] SELL ========
[2026-02-07 19:52:05.244] 대상: 017670, 수량: 2, 단가: 시장가(0)
[2026-02-07 19:52:05.254] API URL: https://openapivts.koreainvestment.com:29443/uapi/domestic-stock/v1/trading/order-cash
[2026-02-07 19:52:05.302] 결과: 실패 (모의투자 영업일이 아닙니다.) [Code: 40100000]
[2026-02-07 19:52:05.303] ========================================
[2026-02-07 19:52:07.104] -----------------------------------------------------------------------------------------------------------------------------
[2026-02-07 19:52:07.106] 종목명                           보유수량     매입단가       현재가        매입금액        평가금액       평가손익     수익률
[2026-02-07 19:52:07.120] -----------------------------------------------------------------------------------------------------------------------------
[2026-02-07 19:52:07.130] SK하이닉스 (000660)                  15주    865,000원    839,000원    12,975,000원    12,585,000원     -390,000원     -3.01%
[2026-02-07 19:52:07.140] SK텔레콤 (017670)                     2주     78,500원     69,200원       157,000원       138,400원      -18,600원    -11.85%
[2026-02-07 19:52:07.147] -----------------------------------------------------------------------------------------------------------------------------
[2026-02-07 19:52:07.154]    총 평가금액: 12,723,400원  |  총 평가손익: -408,600원
[2026-02-07 19:52:07.161] 모니터링 완료. 대기 중...
[2026-02-07 19:53:07.400] 모니터링 주기 시작...
[2026-02-07 19:53:09.383] 매도 실행: SK하이닉스 - 추세이탈(주의) [점수:6, RSI:58.7, ADX:48.1]
[2026-02-07 19:53:09.385] ======== [주문 실행] SELL ========
[2026-02-07 19:53:09.397] 대상: 000660, 수량: 15, 단가: 시장가(0)
[2026-02-07 19:53:09.402] API URL: https://openapivts.koreainvestment.com:29443/uapi/domestic-stock/v1/trading/order-cash
[2026-02-07 19:53:09.939] 결과: 실패 (모의투자 영업일이 아닙니다.) [Code: 40100000]
[2026-02-07 19:53:09.949] ========================================
[2026-02-07 19:53:10.565] 매도 실행: SK텔레콤 - 손절(-11.85%)
[2026-02-07 19:53:10.566] ======== [주문 실행] SELL ========
[2026-02-07 19:53:10.578] 대상: 017670, 수량: 2, 단가: 시장가(0)
[2026-02-07 19:53:10.586] API URL: https://openapivts.koreainvestment.com:29443/uapi/domestic-stock/v1/trading/order-cash
[2026-02-07 19:53:10.630] 결과: 실패 (모의투자 영업일이 아닙니다.) [Code: 40100000]
[2026-02-07 19:53:10.631] ========================================
[2026-02-07 19:53:12.440] -----------------------------------------------------------------------------------------------------------------------------
[2026-02-07 19:53:12.442] 종목명                           보유수량     매입단가       현재가        매입금액        평가금액       평가손익     수익률
[2026-02-07 19:53:12.462] -----------------------------------------------------------------------------------------------------------------------------
[2026-02-07 19:53:12.475] SK하이닉스 (000660)                  15주    865,000원    839,000원    12,975,000원    12,585,000원     -390,000원     -3.01%
[2026-02-07 19:53:12.490] SK텔레콤 (017670)                     2주     78,500원     69,200원       157,000원       138,400원      -18,600원    -11.85%
[2026-02-07 19:53:12.499] -----------------------------------------------------------------------------------------------------------------------------
[2026-02-07 19:53:12.506]    총 평가금액: 12,723,400원  |  총 평가손익: -408,600원
[2026-02-07 19:53:12.512] 모니터링 완료. 대기 중...
[2026-02-07 19:54:12.708] 모니터링 주기 시작...
[2026-02-07 19:54:14.738] 매도 실행: SK하이닉스 - 추세이탈(주의) [점수:6, RSI:58.7, ADX:48.1]
[2026-02-07 19:54:14.739] ======== [주문 실행] SELL ========
[2026-02-07 19:54:14.749] 대상: 000660, 수량: 15, 단가: 시장가(0)
[2026-02-07 19:54:14.754] API URL: https://openapivts.koreainvestment.com:29443/uapi/domestic-stock/v1/trading/order-cash
[2026-02-07 19:54:15.290] 결과: 실패 (모의투자 영업일이 아닙니다.) [Code: 40100000]
[2026-02-07 19:54:15.296] ========================================
[2026-02-07 19:54:15.909] 매도 실행: SK텔레콤 - 손절(-11.85%)
[2026-02-07 19:54:15.911] ======== [주문 실행] SELL ========
[2026-02-07 19:54:15.923] 대상: 017670, 수량: 2, 단가: 시장가(0)
[2026-02-07 19:54:15.931] API URL: https://openapivts.koreainvestment.com:29443/uapi/domestic-stock/v1/trading/order-cash
[2026-02-07 19:54:15.984] 결과: 실패 (모의투자 영업일이 아닙니다.) [Code: 40100000]
[2026-02-07 19:54:15.985] ========================================
[2026-02-07 19:54:17.788] -----------------------------------------------------------------------------------------------------------------------------
[2026-02-07 19:54:17.789] 종목명                           보유수량     매입단가       현재가        매입금액        평가금액       평가손익     수익률
[2026-02-07 19:54:17.801] -----------------------------------------------------------------------------------------------------------------------------
[2026-02-07 19:54:17.812] SK하이닉스 (000660)                  15주    865,000원    839,000원    12,975,000원    12,585,000원     -390,000원     -3.01%
[2026-02-07 19:54:17.823] SK텔레콤 (017670)                     2주     78,500원     69,200원       157,000원       138,400원      -18,600원    -11.85%
[2026-02-07 19:54:17.830] -----------------------------------------------------------------------------------------------------------------------------
[2026-02-07 19:54:17.839]    총 평가금액: 12,723,400원  |  총 평가손익: -408,600원
[2026-02-07 19:54:17.844] 모니터링 완료. 대기 중...
[2026-02-07 19:55:18.067] 모니터링 주기 시작...
[2026-02-07 19:55:20.065] 매도 실행: SK하이닉스 - 추세이탈(주의) [점수:6, RSI:58.7, ADX:48.1]
[2026-02-07 19:55:20.067] ======== [주문 실행] SELL ========
[2026-02-07 19:55:20.080] 대상: 000660, 수량: 15, 단가: 시장가(0)
[2026-02-07 19:55:20.085] API URL: https://openapivts.koreainvestment.com:29443/uapi/domestic-stock/v1/trading/order-cash
[2026-02-07 19:55:20.628] 결과: 실패 (모의투자 영업일이 아닙니다.) [Code: 40100000]
[2026-02-07 19:55:20.637] ========================================
[2026-02-07 19:55:21.249] 매도 실행: SK텔레콤 - 손절(-11.85%)
[2026-02-07 19:55:21.250] ======== [주문 실행] SELL ========
[2026-02-07 19:55:21.264] 대상: 017670, 수량: 2, 단가: 시장가(0)
[2026-02-07 19:55:21.272] API URL: https://openapivts.koreainvestment.com:29443/uapi/domestic-stock/v1/trading/order-cash
[2026-02-07 19:55:21.320] 결과: 실패 (모의투자 영업일이 아닙니다.) [Code: 40100000]
[2026-02-07 19:55:21.321] ========================================
[2026-02-07 19:55:23.127] -----------------------------------------------------------------------------------------------------------------------------
[2026-02-07 19:55:23.132] 종목명                           보유수량     매입단가       현재가        매입금액        평가금액       평가손익     수익률
[2026-02-07 19:55:23.141] -----------------------------------------------------------------------------------------------------------------------------
[2026-02-07 19:55:23.149] SK하이닉스 (000660)                  15주    865,000원    839,000원    12,975,000원    12,585,000원     -390,000원     -3.01%
[2026-02-07 19:55:23.154] SK텔레콤 (017670)                     2주     78,500원     69,200원       157,000원       138,400원      -18,600원    -11.85%
[2026-02-07 19:55:23.161] -----------------------------------------------------------------------------------------------------------------------------
[2026-02-07 19:55:23.167]    총 평가금액: 12,723,400원  |  총 평가손익: -408,600원
[2026-02-07 19:55:23.173] 모니터링 완료. 대기 중...
[2026-02-07 19:55:41.226] 시스템 시작 자산: 12,757,829원
[2026-02-07 19:55:41.229] 시스템 시작
[2026-02-07 19:55:41.228] 모니터링 주기 시작...
[2026-02-07 19:55:43.686] 매도 실행: SK하이닉스 - 추세이탈(주의) [점수:6, RSI:58.7, ADX:48.1]
[2026-02-07 19:55:43.687] ======== [주문 실행] SELL ========
[2026-02-07 19:55:43.699] 대상: 000660, 수량: 15, 단가: 시장가(0)
[2026-02-07 19:55:43.703] API URL: https://openapivts.koreainvestment.com:29443/uapi/domestic-stock/v1/trading/order-cash
[2026-02-07 19:55:44.242] 결과: 실패 (모의투자 영업일이 아닙니다.) [Code: 40100000]
[2026-02-07 19:55:44.249] ========================================
[2026-02-07 19:55:44.863] 매도 실행: SK텔레콤 - 손절(-11.85%)
[2026-02-07 19:55:44.864] ======== [주문 실행] SELL ========
[2026-02-07 19:55:44.877] 대상: 017670, 수량: 2, 단가: 시장가(0)
[2026-02-07 19:55:44.885] API URL: https://openapivts.koreainvestment.com:29443/uapi/domestic-stock/v1/trading/order-cash
[2026-02-07 19:55:44.931] 결과: 실패 (모의투자 영업일이 아닙니다.) [Code: 40100000]
[2026-02-07 19:55:44.932] ========================================
[2026-02-07 19:55:46.739] -----------------------------------------------------------------------------------------------------------------------------
[2026-02-07 19:55:46.740] 종목명                           보유수량     매입단가       현재가        매입금액        평가금액       평가손익     수익률
[2026-02-07 19:55:46.751] -----------------------------------------------------------------------------------------------------------------------------
[2026-02-07 19:55:46.760] SK하이닉스 (000660)                  15주    865,000원    839,000원    12,975,000원    12,585,000원     -390,000원     -3.01%
[2026-02-07 19:55:46.767] SK텔레콤 (017670)                     2주     78,500원     69,200원       157,000원       138,400원      -18,600원    -11.85%
[2026-02-07 19:55:46.774] -----------------------------------------------------------------------------------------------------------------------------
[2026-02-07 19:55:46.781]    총 평가금액: 12,723,400원  |  총 평가손익: -408,600원
[2026-02-07 19:55:47.935] 모니터링 완료. 대기 중...
[2026-02-07 19:58:48.572] 모니터링 주기 시작...
[2026-02-07 19:58:50.545] 매도 실행: SK하이닉스 - 추세이탈(주의) [점수:6, RSI:58.7, ADX:48.1]
[2026-02-07 19:58:50.546] ======== [주문 실행] SELL ========
[2026-02-07 19:58:50.552] 대상: 000660, 수량: 15, 단가: 시장가(0)
[2026-02-07 19:58:50.559] API URL: https://openapivts.koreainvestment.com:29443/uapi/domestic-stock/v1/trading/order-cash
[2026-02-07 19:58:51.111] 결과: 실패 (모의투자 영업일이 아닙니다.) [Code: 40100000]
[2026-02-07 19:58:51.113] ========================================
[2026-02-07 19:58:51.728] 매도 실행: SK텔레콤 - 손절(-11.85%)
[2026-02-07 19:58:51.730] ======== [주문 실행] SELL ========
[2026-02-07 19:58:51.741] 대상: 017670, 수량: 2, 단가: 시장가(0)
[2026-02-07 19:58:51.753] API URL: https://openapivts.koreainvestment.com:29443/uapi/domestic-stock/v1/trading/order-cash
[2026-02-07 19:58:51.796] 결과: 실패 (모의투자 영업일이 아닙니다.) [Code: 40100000]
[2026-02-07 19:58:51.798] ========================================
[2026-02-07 19:58:53.594] -----------------------------------------------------------------------------------------------------------------------------
[2026-02-07 19:58:53.594] 종목명                           보유수량     매입단가       현재가        매입금액        평가금액       평가손익     수익률
[2026-02-07 19:58:53.604] -----------------------------------------------------------------------------------------------------------------------------
[2026-02-07 19:58:53.614] SK하이닉스 (000660)                  15주    865,000원    839,000원    12,975,000원    12,585,000원     -390,000원     -3.01%
[2026-02-07 19:58:53.622] SK텔레콤 (017670)                     2주     78,500원     69,200원       157,000원       138,400원      -18,600원    -11.85%
[2026-02-07 19:58:53.630] -----------------------------------------------------------------------------------------------------------------------------
[2026-02-07 19:58:53.640]    총 평가금액: 12,723,400원  |  총 평가손익: -408,600원
[2026-02-07 19:58:54.796] 모니터링 완료. 대기 중...
[2026-02-07 20:00:01.848] 시스템 시작 자산: 12,757,829원
[2026-02-07 20:00:01.850] 모니터링 주기 시작...
[2026-02-07 20:00:01.851] 시스템 시작
[2026-02-07 20:00:04.331] 매도 실행: SK하이닉스 - 추세이탈(주의) [점수:6, RSI:58.7, ADX:48.1]
[2026-02-07 20:00:04.332] ======== [주문 실행] SELL ========
[2026-02-07 20:00:04.346] 대상: 000660, 수량: 15, 단가: 시장가(0)
[2026-02-07 20:00:04.351] API URL: https://openapivts.koreainvestment.com:29443/uapi/domestic-stock/v1/trading/order-cash
[2026-02-07 20:00:04.898] 결과: 실패 (모의투자 영업일이 아닙니다.) [Code: 40100000]
[2026-02-07 20:00:04.902] ========================================
[2026-02-07 20:00:05.511] 매도 실행: SK텔레콤 - 손절(-11.85%)
[2026-02-07 20:00:05.513] ======== [주문 실행] SELL ========
[2026-02-07 20:00:05.529] 대상: 017670, 수량: 2, 단가: 시장가(0)
[2026-02-07 20:00:05.538] API URL: https://openapivts.koreainvestment.com:29443/uapi/domestic-stock/v1/trading/order-cash
[2026-02-07 20:00:05.588] 결과: 실패 (모의투자 영업일이 아닙니다.) [Code: 40100000]
[2026-02-07 20:00:05.589] ========================================
[2026-02-07 20:00:07.413] -----------------------------------------------------------------------------------------------------------------------------
[2026-02-07 20:00:07.414] 종목명                           보유수량     매입단가       현재가        매입금액        평가금액       평가손익     수익률
[2026-02-07 20:00:07.435] -----------------------------------------------------------------------------------------------------------------------------
[2026-02-07 20:00:07.442] SK하이닉스 (000660)                  15주    865,000원    839,000원    12,975,000원    12,585,000원     -390,000원     -3.01%
[2026-02-07 20:00:07.450] SK텔레콤 (017670)                     2주     78,500원     69,200원       157,000원       138,400원      -18,600원    -11.85%
[2026-02-07 20:00:07.458] -----------------------------------------------------------------------------------------------------------------------------
[2026-02-07 20:00:07.466]    총 평가금액: 12,723,400원  |  총 평가손익: -408,600원
[2026-02-07 20:00:08.627] 모니터링 완료. 대기 중...
[2026-02-07 20:03:09.282] 모니터링 주기 시작...
[2026-02-07 20:03:11.364] 매도 실행: SK하이닉스 - 추세이탈(주의) [점수:6, RSI:58.7, ADX:48.1]
[2026-02-07 20:03:11.365] ======== [주문 실행] SELL ========
[2026-02-07 20:03:11.378] 대상: 000660, 수량: 15, 단가: 시장가(0)
[2026-02-07 20:03:11.383] API URL: https://openapivts.koreainvestment.com:29443/uapi/domestic-stock/v1/trading/order-cash
[2026-02-07 20:03:11.926] 결과: 실패 (모의투자 영업일이 아닙니다.) [Code: 40100000]
[2026-02-07 20:03:11.935] ========================================
[2026-02-07 20:03:12.550] 매도 실행: SK텔레콤 - 손절(-11.85%)
[2026-02-07 20:03:12.552] ======== [주문 실행] SELL ========
[2026-02-07 20:03:12.566] 대상: 017670, 수량: 2, 단가: 시장가(0)
[2026-02-07 20:03:12.575] API URL: https://openapivts.koreainvestment.com:29443/uapi/domestic-stock/v1/trading/order-cash
[2026-02-07 20:03:12.626] 결과: 실패 (모의투자 영업일이 아닙니다.) [Code: 40100000]
[2026-02-07 20:03:12.627] ========================================
[2026-02-07 20:03:14.428] -----------------------------------------------------------------------------------------------------------------------------
[2026-02-07 20:03:14.429] 종목명                           보유수량     매입단가       현재가        매입금액        평가금액       평가손익     수익률
[2026-02-07 20:03:14.446] -----------------------------------------------------------------------------------------------------------------------------
[2026-02-07 20:03:14.457] SK하이닉스 (000660)                  15주    865,000원    839,000원    12,975,000원    12,585,000원     -390,000원     -3.01%
[2026-02-07 20:03:14.467] SK텔레콤 (017670)                     2주     78,500원     69,200원       157,000원       138,400원      -18,600원    -11.85%
[2026-02-07 20:03:14.473] -----------------------------------------------------------------------------------------------------------------------------
[2026-02-07 20:03:14.481]    총 평가금액: 12,723,400원  |  총 평가손익: -408,600원
[2026-02-07 20:03:15.689] 모니터링 완료. 대기 중...
[2026-02-07 20:06:16.267] 모니터링 주기 시작...
[2026-02-07 20:06:18.367] 매도 실행: SK하이닉스 - 추세이탈(주의) [점수:6, RSI:58.7, ADX:48.1]
[2026-02-07 20:06:18.369] ======== [주문 실행] SELL ========
[2026-02-07 20:06:18.383] 대상: 000660, 수량: 15, 단가: 시장가(0)
[2026-02-07 20:06:18.393] API URL: https://openapivts.koreainvestment.com:29443/uapi/domestic-stock/v1/trading/order-cash
[2026-02-07 20:06:18.911] 결과: 실패 (모의투자 영업일이 아닙니다.) [Code: 40100000]
[2026-02-07 20:06:18.913] ========================================
[2026-02-07 20:06:19.531] 매도 실행: SK텔레콤 - 손절(-11.85%)
[2026-02-07 20:06:19.532] ======== [주문 실행] SELL ========
[2026-02-07 20:06:19.543] 대상: 017670, 수량: 2, 단가: 시장가(0)
[2026-02-07 20:06:19.552] API URL: https://openapivts.koreainvestment.com:29443/uapi/domestic-stock/v1/trading/order-cash
[2026-02-07 20:06:19.594] 결과: 실패 (모의투자 영업일이 아닙니다.) [Code: 40100000]
[2026-02-07 20:06:19.595] ========================================
[2026-02-07 20:06:21.492] -----------------------------------------------------------------------------------------------------------------------------
[2026-02-07 20:06:21.493] 종목명                           보유수량     매입단가       현재가        매입금액        평가금액       평가손익     수익률
[2026-02-07 20:06:21.506] -----------------------------------------------------------------------------------------------------------------------------
[2026-02-07 20:06:21.515] SK하이닉스 (000660)                  15주    865,000원    839,000원    12,975,000원    12,585,000원     -390,000원     -3.01%
[2026-02-07 20:06:21.524] SK텔레콤 (017670)                     2주     78,500원     69,200원       157,000원       138,400원      -18,600원    -11.85%
[2026-02-07 20:06:21.530] -----------------------------------------------------------------------------------------------------------------------------
[2026-02-07 20:06:21.539]    총 평가금액: 12,723,400원  |  총 평가손익: -408,600원
[2026-02-07 20:06:22.697] 모니터링 완료. 대기 중...
[2026-02-07 20:06:41.362] 시스템 시작 자산: 12,757,829원
[2026-02-07 20:06:41.364] 시스템 시작
[2026-02-07 20:06:41.363] 모니터링 주기 시작...
[2026-02-07 20:06:43.896] 매도 실행: SK하이닉스 - 추세이탈(주의) [점수:6, RSI:58.7, ADX:48.1]
[2026-02-07 20:06:43.897] ======== [주문 실행] SELL ========
[2026-02-07 20:06:43.909] 대상: 000660, 수량: 15, 단가: 시장가(0)
[2026-02-07 20:06:43.916] API URL: https://openapivts.koreainvestment.com:29443/uapi/domestic-stock/v1/trading/order-cash
[2026-02-07 20:06:44.453] 결과: 실패 (모의투자 영업일이 아닙니다.) [Code: 40100000]
[2026-02-07 20:06:44.460] ========================================
[2026-02-07 20:06:45.070] 매도 실행: SK텔레콤 - 손절(-11.85%)
[2026-02-07 20:06:45.072] ======== [주문 실행] SELL ========
[2026-02-07 20:06:45.085] 대상: 017670, 수량: 2, 단가: 시장가(0)
[2026-02-07 20:06:45.092] API URL: https://openapivts.koreainvestment.com:29443/uapi/domestic-stock/v1/trading/order-cash
[2026-02-07 20:06:45.142] 결과: 실패 (모의투자 영업일이 아닙니다.) [Code: 40100000]
[2026-02-07 20:06:45.143] ========================================
[2026-02-07 20:06:47.019] -----------------------------------------------------------------------------------------------------------------------------
[2026-02-07 20:06:47.020] 종목명                           보유수량     매입단가       현재가        매입금액        평가금액       평가손익     수익률
[2026-02-07 20:06:47.035] -----------------------------------------------------------------------------------------------------------------------------
[2026-02-07 20:06:47.043] SK하이닉스 (000660)                  15주    865,000원    839,000원    12,975,000원    12,585,000원     -390,000원     -3.01%
[2026-02-07 20:06:47.050] SK텔레콤 (017670)                     2주     78,500원     69,200원       157,000원       138,400원      -18,600원    -11.85%
[2026-02-07 20:06:47.058] -----------------------------------------------------------------------------------------------------------------------------
[2026-02-07 20:06:47.064]    총 평가금액: 12,723,400원  |  총 평가손익: -408,600원
[2026-02-07 20:06:48.225] 모니터링 완료. 대기 중...
[2026-02-07 20:06:56.253] 시스템 중단
[2026-02-07 20:09:03.721] 시스템 시작 자산: 12,757,829원
[2026-02-07 20:09:03.723] 모니터링 주기 시작...
[2026-02-07 20:09:03.724] 시스템 시작
[2026-02-07 20:09:06.216] 매도 실행: SK하이닉스 - 추세이탈(주의) [점수:6, RSI:58.7, ADX:48.1]
[2026-02-07 20:09:06.217] ======== [주문 실행] SELL ========
[2026-02-07 20:09:06.227] 대상: 000660, 수량: 15, 단가: 시장가(0)
[2026-02-07 20:09:06.233] API URL: https://openapivts.koreainvestment.com:29443/uapi/domestic-stock/v1/trading/order-cash
[2026-02-07 20:09:06.776] 결과: 실패 (모의투자 영업일이 아닙니다.) [Code: 40100000]
[2026-02-07 20:09:06.785] ========================================
[2026-02-07 20:09:07.402] 매도 실행: SK텔레콤 - 손절(-11.85%)
[2026-02-07 20:09:07.403] ======== [주문 실행] SELL ========
[2026-02-07 20:09:07.418] 대상: 017670, 수량: 2, 단가: 시장가(0)
[2026-02-07 20:09:07.426] API URL: https://openapivts.koreainvestment.com:29443/uapi/domestic-stock/v1/trading/order-cash
[2026-02-07 20:09:07.477] 결과: 실패 (모의투자 영업일이 아닙니다.) [Code: 40100000]
[2026-02-07 20:09:07.478] ========================================
[2026-02-07 20:09:09.294] -----------------------------------------------------------------------------------------------------------------------------
[2026-02-07 20:09:09.295] 종목명                           보유수량     매입단가       현재가        매입금액        평가금액       평가손익     수익률
[2026-02-07 20:09:09.308] -----------------------------------------------------------------------------------------------------------------------------
[2026-02-07 20:09:09.316] SK하이닉스 (000660)                  15주    865,000원    839,000원    12,975,000원    12,585,000원     -390,000원     -3.01%
[2026-02-07 20:09:09.323] SK텔레콤 (017670)                     2주     78,500원     69,200원       157,000원       138,400원      -18,600원    -11.85%
[2026-02-07 20:09:09.331] -----------------------------------------------------------------------------------------------------------------------------
[2026-02-07 20:09:09.337]    총 평가금액: 12,723,400원  |  총 평가손익: -408,600원
[2026-02-07 20:09:10.504] 모니터링 완료. 대기 중...
[2026-02-07 20:12:11.130] 모니터링 주기 시작...
[2026-02-07 20:12:13.212] 매도 실행: SK하이닉스 - 추세이탈(주의) [점수:6, RSI:58.7, ADX:48.1]
[2026-02-07 20:12:13.213] ======== [주문 실행] SELL ========
[2026-02-07 20:12:13.227] 대상: 000660, 수량: 15, 단가: 시장가(0)
[2026-02-07 20:12:13.236] API URL: https://openapivts.koreainvestment.com:29443/uapi/domestic-stock/v1/trading/order-cash
[2026-02-07 20:12:13.765] 결과: 실패 (모의투자 영업일이 아닙니다.) [Code: 40100000]
[2026-02-07 20:12:13.775] ========================================
[2026-02-07 20:12:14.392] 매도 실행: SK텔레콤 - 손절(-11.85%)
[2026-02-07 20:12:14.394] ======== [주문 실행] SELL ========
[2026-02-07 20:12:14.409] 대상: 017670, 수량: 2, 단가: 시장가(0)
[2026-02-07 20:12:14.421] API URL: https://openapivts.koreainvestment.com:29443/uapi/domestic-stock/v1/trading/order-cash
[2026-02-07 20:12:14.471] 결과: 실패 (모의투자 영업일이 아닙니다.) [Code: 40100000]
[2026-02-07 20:12:14.472] ========================================
[2026-02-07 20:12:16.355] -----------------------------------------------------------------------------------------------------------------------------
[2026-02-07 20:12:16.356] 종목명                           보유수량     매입단가       현재가        매입금액        평가금액       평가손익     수익률
[2026-02-07 20:12:16.370] -----------------------------------------------------------------------------------------------------------------------------
[2026-02-07 20:12:16.378] SK하이닉스 (000660)                  15주    865,000원    839,000원    12,975,000원    12,585,000원     -390,000원     -3.01%
[2026-02-07 20:12:16.386] SK텔레콤 (017670)                     2주     78,500원     69,200원       157,000원       138,400원      -18,600원    -11.85%
[2026-02-07 20:12:16.394] -----------------------------------------------------------------------------------------------------------------------------
[2026-02-07 20:12:16.400]    총 평가금액: 12,723,400원  |  총 평가손익: -408,600원
[2026-02-07 20:12:17.562] 모니터링 완료. 대기 중...
[2026-02-07 20:13:41.367] 시스템 시작 자산: 12,757,829원
[2026-02-07 20:13:41.368] 모니터링 주기 시작...
[2026-02-07 20:13:41.369] 시스템 시작
[2026-02-07 20:13:43.865] 매도 실행: SK하이닉스 - 추세이탈(주의) [점수:6, RSI:58.7, ADX:48.1]
[2026-02-07 20:13:43.865] ======== [주문 실행] SELL ========
[2026-02-07 20:13:43.878] 대상: 000660, 수량: 15, 단가: 시장가(0)
[2026-02-07 20:13:43.884] API URL: https://openapivts.koreainvestment.com:29443/uapi/domestic-stock/v1/trading/order-cash
[2026-02-07 20:13:44.427] 결과: 실패 (모의투자 영업일이 아닙니다.) [Code: 40100000]
[2026-02-07 20:13:44.428] ========================================
[2026-02-07 20:13:45.046] 매도 실행: SK텔레콤 - 손절(-11.85%)
[2026-02-07 20:13:45.047] ======== [주문 실행] SELL ========
[2026-02-07 20:13:45.060] 대상: 017670, 수량: 2, 단가: 시장가(0)
[2026-02-07 20:13:45.069] API URL: https://openapivts.koreainvestment.com:29443/uapi/domestic-stock/v1/trading/order-cash
[2026-02-07 20:13:45.130] 결과: 실패 (모의투자 영업일이 아닙니다.) [Code: 40100000]
[2026-02-07 20:13:45.131] ========================================
[2026-02-07 20:13:46.942] -----------------------------------------------------------------------------------------------------------------------------
[2026-02-07 20:13:46.943] 종목명                           보유수량     매입단가       현재가        매입금액        평가금액       평가손익     수익률
[2026-02-07 20:13:46.957] -----------------------------------------------------------------------------------------------------------------------------
[2026-02-07 20:13:46.965] SK하이닉스 (000660)                  15주    865,000원    839,000원    12,975,000원    12,585,000원     -390,000원     -3.01%
[2026-02-07 20:13:46.973] SK텔레콤 (017670)                     2주     78,500원     69,200원       157,000원       138,400원      -18,600원    -11.85%
[2026-02-07 20:13:46.980] -----------------------------------------------------------------------------------------------------------------------------
[2026-02-07 20:13:46.985]    총 평가금액: 12,723,400원  |  총 평가손익: -408,600원
[2026-02-07 20:13:48.144] 모니터링 완료. 대기 중...
[2026-02-07 20:16:48.807] 모니터링 주기 시작...
[2026-02-07 20:16:50.764] 매도 실행: SK하이닉스 - 추세이탈(주의) [점수:6, RSI:58.7, ADX:48.1]
[2026-02-07 20:16:50.765] ======== [주문 실행] SELL ========
[2026-02-07 20:16:50.775] 대상: 000660, 수량: 15, 단가: 시장가(0)
[2026-02-07 20:16:50.785] API URL: https://openapivts.koreainvestment.com:29443/uapi/domestic-stock/v1/trading/order-cash
[2026-02-07 20:16:51.320] 결과: 실패 (모의투자 영업일이 아닙니다.) [Code: 40100000]
[2026-02-07 20:16:51.322] ========================================
[2026-02-07 20:16:51.942] 매도 실행: SK텔레콤 - 손절(-11.85%)
[2026-02-07 20:16:51.943] ======== [주문 실행] SELL ========
[2026-02-07 20:16:51.953] 대상: 017670, 수량: 2, 단가: 시장가(0)
[2026-02-07 20:16:51.962] API URL: https://openapivts.koreainvestment.com:29443/uapi/domestic-stock/v1/trading/order-cash
[2026-02-07 20:16:52.012] 결과: 실패 (모의투자 영업일이 아닙니다.) [Code: 40100000]
[2026-02-07 20:16:52.013] ========================================
[2026-02-07 20:16:53.834] -----------------------------------------------------------------------------------------------------------------------------
[2026-02-07 20:16:53.836] 종목명                           보유수량     매입단가       현재가        매입금액        평가금액       평가손익     수익률
[2026-02-07 20:16:53.849] -----------------------------------------------------------------------------------------------------------------------------
[2026-02-07 20:16:53.858] SK하이닉스 (000660)                  15주    865,000원    839,000원    12,975,000원    12,585,000원     -390,000원     -3.01%
[2026-02-07 20:16:53.865] SK텔레콤 (017670)                     2주     78,500원     69,200원       157,000원       138,400원      -18,600원    -11.85%
[2026-02-07 20:16:53.872] -----------------------------------------------------------------------------------------------------------------------------
[2026-02-07 20:16:53.878]    총 평가금액: 12,723,400원  |  총 평가손익: -408,600원
[2026-02-07 20:16:55.043] 모니터링 완료. 대기 중...
[2026-02-07 20:18:59.841] 시스템 시작 자산: 12,757,829원
[2026-02-07 20:18:59.846] 시스템 시작
[2026-02-07 20:18:59.845] 모니터링 주기 시작...
[2026-02-07 20:19:02.335] 매도 실행: SK하이닉스 - 추세이탈(주의) [점수:6, RSI:58.7, ADX:48.1]
[2026-02-07 20:19:02.337] ======== [주문 실행] SELL ========
[2026-02-07 20:19:02.349] 대상: 000660, 수량: 15, 단가: 시장가(0)
[2026-02-07 20:19:02.358] API URL: https://openapivts.koreainvestment.com:29443/uapi/domestic-stock/v1/trading/order-cash
[2026-02-07 20:19:02.882] 결과: 실패 (모의투자 영업일이 아닙니다.) [Code: 40100000]
[2026-02-07 20:19:02.884] ========================================
[2026-02-07 20:19:03.500] 매도 실행: SK텔레콤 - 손절(-11.85%)
[2026-02-07 20:19:03.502] ======== [주문 실행] SELL ========
[2026-02-07 20:19:03.517] 대상: 017670, 수량: 2, 단가: 시장가(0)
[2026-02-07 20:19:03.528] API URL: https://openapivts.koreainvestment.com:29443/uapi/domestic-stock/v1/trading/order-cash
[2026-02-07 20:19:03.576] 결과: 실패 (모의투자 영업일이 아닙니다.) [Code: 40100000]
[2026-02-07 20:19:03.577] ========================================
[2026-02-07 20:19:05.387] -----------------------------------------------------------------------------------------------------------------------------
[2026-02-07 20:19:05.388] 종목명                           보유수량     매입단가       현재가        매입금액        평가금액       평가손익     수익률
[2026-02-07 20:19:05.402] -----------------------------------------------------------------------------------------------------------------------------
[2026-02-07 20:19:05.409] SK하이닉스 (000660)                  15주    865,000원    839,000원    12,975,000원    12,585,000원     -390,000원     -3.01%
[2026-02-07 20:19:05.417] SK텔레콤 (017670)                     2주     78,500원     69,200원       157,000원       138,400원      -18,600원    -11.85%
[2026-02-07 20:19:05.426] -----------------------------------------------------------------------------------------------------------------------------
[2026-02-07 20:19:05.433]    총 평가금액: 12,723,400원  |  총 평가손익: -408,600원
[2026-02-07 20:19:06.588] 모니터링 완료. 대기 중...
[2026-02-07 20:22:07.192] 모니터링 주기 시작...
[2026-02-07 20:22:09.195] 매도 실행: SK하이닉스 - 추세이탈(주의) [점수:6, RSI:58.7, ADX:48.1]
[2026-02-07 20:22:09.196] ======== [주문 실행] SELL ========
[2026-02-07 20:22:09.210] 대상: 000660, 수량: 15, 단가: 시장가(0)
[2026-02-07 20:22:09.219] API URL: https://openapivts.koreainvestment.com:29443/uapi/domestic-stock/v1/trading/order-cash
[2026-02-07 20:22:09.756] 결과: 실패 (모의투자 영업일이 아닙니다.) [Code: 40100000]
[2026-02-07 20:22:09.757] ========================================
[2026-02-07 20:22:10.374] 매도 실행: SK텔레콤 - 손절(-11.85%)
[2026-02-07 20:22:10.376] ======== [주문 실행] SELL ========
[2026-02-07 20:22:10.390] 대상: 017670, 수량: 2, 단가: 시장가(0)
[2026-02-07 20:22:10.399] API URL: https://openapivts.koreainvestment.com:29443/uapi/domestic-stock/v1/trading/order-cash
[2026-02-07 20:22:10.447] 결과: 실패 (모의투자 영업일이 아닙니다.) [Code: 40100000]
[2026-02-07 20:22:10.448] ========================================
[2026-02-07 20:22:12.266] -----------------------------------------------------------------------------------------------------------------------------
[2026-02-07 20:22:12.267] 종목명                           보유수량     매입단가       현재가        매입금액        평가금액       평가손익     수익률
[2026-02-07 20:22:12.281] -----------------------------------------------------------------------------------------------------------------------------
[2026-02-07 20:22:12.290] SK하이닉스 (000660)                  15주    865,000원    839,000원    12,975,000원    12,585,000원     -390,000원     -3.01%
[2026-02-07 20:22:12.300] SK텔레콤 (017670)                     2주     78,500원     69,200원       157,000원       138,400원      -18,600원    -11.85%
[2026-02-07 20:22:12.307] -----------------------------------------------------------------------------------------------------------------------------
[2026-02-07 20:22:12.313]    총 평가금액: 12,723,400원  |  총 평가손익: -408,600원
[2026-02-07 20:22:13.479] 모니터링 완료. 대기 중...
[2026-02-07 20:22:33.117] 시스템 시작 자산: 12,757,829원
[2026-02-07 20:22:33.119] 모니터링 주기 시작...
[2026-02-07 20:22:33.121] 시스템 시작
[2026-02-07 20:22:35.617] 매도 실행: SK하이닉스 - 추세이탈(주의) [점수:6, RSI:58.7, ADX:48.1]
[2026-02-07 20:22:35.618] ======== [주문 실행] SELL ========
[2026-02-07 20:22:35.632] 대상: 000660, 수량: 15, 단가: 시장가(0)
[2026-02-07 20:22:35.640] API URL: https://openapivts.koreainvestment.com:29443/uapi/domestic-stock/v1/trading/order-cash
[2026-02-07 20:22:36.176] 결과: 실패 (모의투자 영업일이 아닙니다.) [Code: 40100000]
[2026-02-07 20:22:36.177] ========================================
[2026-02-07 20:22:36.791] 매도 실행: SK텔레콤 - 손절(-11.85%)
[2026-02-07 20:22:36.793] ======== [주문 실행] SELL ========
[2026-02-07 20:22:36.805] 대상: 017670, 수량: 2, 단가: 시장가(0)
[2026-02-07 20:22:36.815] API URL: https://openapivts.koreainvestment.com:29443/uapi/domestic-stock/v1/trading/order-cash
[2026-02-07 20:22:36.862] 결과: 실패 (모의투자 영업일이 아닙니다.) [Code: 40100000]
[2026-02-07 20:22:36.863] ========================================
[2026-02-07 20:22:38.742] -----------------------------------------------------------------------------------------------------------------------------
[2026-02-07 20:22:38.743] 종목명                           보유수량     매입단가       현재가        매입금액        평가금액       평가손익     수익률
[2026-02-07 20:22:38.755] -----------------------------------------------------------------------------------------------------------------------------
[2026-02-07 20:22:38.763] SK하이닉스 (000660)                  15주    865,000원    839,000원    12,975,000원    12,585,000원     -390,000원     -3.01%
[2026-02-07 20:22:38.771] SK텔레콤 (017670)                     2주     78,500원     69,200원       157,000원       138,400원      -18,600원    -11.85%
[2026-02-07 20:22:38.777] -----------------------------------------------------------------------------------------------------------------------------
[2026-02-07 20:22:38.783]    총 평가금액: 12,723,400원  |  총 평가손익: -408,600원
[2026-02-07 20:22:39.938] 모니터링 완료. 대기 중...
[2026-02-07 20:25:40.622] 모니터링 주기 시작...
[2026-02-07 20:25:42.631] 매도 실행: SK하이닉스 - 추세이탈(주의) [점수:6, RSI:58.7, ADX:48.1]
[2026-02-07 20:25:42.631] ======== [주문 실행] SELL ========
[2026-02-07 20:25:42.641] 대상: 000660, 수량: 15, 단가: 시장가(0)
[2026-02-07 20:25:42.648] API URL: https://openapivts.koreainvestment.com:29443/uapi/domestic-stock/v1/trading/order-cash
[2026-02-07 20:25:43.237] 결과: 실패 (모의투자 영업일이 아닙니다.) [Code: 40100000]
[2026-02-07 20:25:43.245] ========================================
[2026-02-07 20:25:43.861] 매도 실행: SK텔레콤 - 손절(-11.85%)
[2026-02-07 20:25:43.863] ======== [주문 실행] SELL ========
[2026-02-07 20:25:43.875] 대상: 017670, 수량: 2, 단가: 시장가(0)
[2026-02-07 20:25:43.886] API URL: https://openapivts.koreainvestment.com:29443/uapi/domestic-stock/v1/trading/order-cash
[2026-02-07 20:25:43.939] 결과: 실패 (모의투자 영업일이 아닙니다.) [Code: 40100000]
[2026-02-07 20:25:43.941] ========================================
[2026-02-07 20:25:45.763] -----------------------------------------------------------------------------------------------------------------------------
[2026-02-07 20:25:45.764] 종목명                           보유수량     매입단가       현재가        매입금액        평가금액       평가손익     수익률
[2026-02-07 20:25:45.774] -----------------------------------------------------------------------------------------------------------------------------
[2026-02-07 20:25:45.785] SK하이닉스 (000660)                  15주    865,000원    839,000원    12,975,000원    12,585,000원     -390,000원     -3.01%
[2026-02-07 20:25:45.794] SK텔레콤 (017670)                     2주     78,500원     69,200원       157,000원       138,400원      -18,600원    -11.85%
[2026-02-07 20:25:45.801] -----------------------------------------------------------------------------------------------------------------------------
[2026-02-07 20:25:45.809]    총 평가금액: 12,723,400원  |  총 평가손익: -408,600원
[2026-02-07 20:25:46.962] 모니터링 완료. 대기 중...
[2026-02-07 20:27:11.934] 시스템 시작 자산: 12,757,829원
[2026-02-07 20:27:11.937] 모니터링 주기 시작...
[2026-02-07 20:27:11.939] 시스템 시작
[2026-02-07 20:27:14.413] 매도 실행: SK하이닉스 - 추세이탈(주의) [점수:6, RSI:58.7, ADX:48.1]
[2026-02-07 20:27:14.414] ======== [주문 실행] SELL ========
[2026-02-07 20:27:14.428] 대상: 000660, 수량: 15, 단가: 시장가(0)
[2026-02-07 20:27:14.432] API URL: https://openapivts.koreainvestment.com:29443/uapi/domestic-stock/v1/trading/order-cash
[2026-02-07 20:27:14.972] 결과: 실패 (모의투자 영업일이 아닙니다.) [Code: 40100000]
[2026-02-07 20:27:14.981] ========================================
[2026-02-07 20:27:15.597] 매도 실행: SK텔레콤 - 손절(-11.85%)
[2026-02-07 20:27:15.599] ======== [주문 실행] SELL ========
[2026-02-07 20:27:15.612] 대상: 017670, 수량: 2, 단가: 시장가(0)
[2026-02-07 20:27:15.620] API URL: https://openapivts.koreainvestment.com:29443/uapi/domestic-stock/v1/trading/order-cash
[2026-02-07 20:27:15.668] 결과: 실패 (모의투자 영업일이 아닙니다.) [Code: 40100000]
[2026-02-07 20:27:15.669] ========================================
[2026-02-07 20:27:17.474] -----------------------------------------------------------------------------------------------------------------------------
[2026-02-07 20:27:17.475] 종목명                           보유수량     매입단가       현재가        매입금액        평가금액       평가손익     수익률
[2026-02-07 20:27:17.488] -----------------------------------------------------------------------------------------------------------------------------
[2026-02-07 20:27:17.501] SK하이닉스 (000660)                  15주    865,000원    839,000원    12,975,000원    12,585,000원     -390,000원     -3.01%
[2026-02-07 20:27:17.513] SK텔레콤 (017670)                     2주     78,500원     69,200원       157,000원       138,400원      -18,600원    -11.85%
[2026-02-07 20:27:17.522] -----------------------------------------------------------------------------------------------------------------------------
[2026-02-07 20:27:17.528]    총 평가금액: 12,723,400원  |  총 평가손익: -408,600원
[2026-02-07 20:27:18.672] 모니터링 완료. 대기 중...
[2026-02-07 20:30:19.324] 모니터링 주기 시작...
[2026-02-07 20:30:21.492] 매도 실행: SK하이닉스 - 추세이탈(주의) [점수:6, RSI:58.7, ADX:48.1]
[2026-02-07 20:30:21.493] ======== [주문 실행] SELL ========
[2026-02-07 20:30:21.509] 대상: 000660, 수량: 15, 단가: 시장가(0)
[2026-02-07 20:30:21.514] API URL: https://openapivts.koreainvestment.com:29443/uapi/domestic-stock/v1/trading/order-cash
[2026-02-07 20:30:22.098] 결과: 실패 (모의투자 영업일이 아닙니다.) [Code: 40100000]
[2026-02-07 20:30:22.109] ========================================
[2026-02-07 20:30:22.726] 매도 실행: SK텔레콤 - 손절(-11.85%)
[2026-02-07 20:30:22.727] ======== [주문 실행] SELL ========
[2026-02-07 20:30:22.737] 대상: 017670, 수량: 2, 단가: 시장가(0)
[2026-02-07 20:30:22.747] API URL: https://openapivts.koreainvestment.com:29443/uapi/domestic-stock/v1/trading/order-cash
[2026-02-07 20:30:22.796] 결과: 실패 (모의투자 영업일이 아닙니다.) [Code: 40100000]
[2026-02-07 20:30:22.797] ========================================
[2026-02-07 20:30:24.622] -----------------------------------------------------------------------------------------------------------------------------
[2026-02-07 20:30:24.624] 종목명                           보유수량     매입단가       현재가        매입금액        평가금액       평가손익     수익률
[2026-02-07 20:30:24.639] -----------------------------------------------------------------------------------------------------------------------------
[2026-02-07 20:30:24.649] SK하이닉스 (000660)                  15주    865,000원    839,000원    12,975,000원    12,585,000원     -390,000원     -3.01%
[2026-02-07 20:30:24.658] SK텔레콤 (017670)                     2주     78,500원     69,200원       157,000원       138,400원      -18,600원    -11.85%
[2026-02-07 20:30:24.667] -----------------------------------------------------------------------------------------------------------------------------
[2026-02-07 20:30:24.674]    총 평가금액: 12,723,400원  |  총 평가손익: -408,600원
[2026-02-07 20:30:25.819] 모니터링 완료. 대기 중...
[2026-02-07 20:33:26.470] 모니터링 주기 시작...
[2026-02-07 20:33:28.470] 매도 실행: SK하이닉스 - 추세이탈(주의) [점수:6, RSI:58.7, ADX:48.1]
[2026-02-07 20:33:28.471] ======== [주문 실행] SELL ========
[2026-02-07 20:33:28.483] 대상: 000660, 수량: 15, 단가: 시장가(0)
[2026-02-07 20:33:28.488] API URL: https://openapivts.koreainvestment.com:29443/uapi/domestic-stock/v1/trading/order-cash
[2026-02-07 20:33:29.037] 결과: 실패 (모의투자 영업일이 아닙니다.) [Code: 40100000]
[2026-02-07 20:33:29.047] ========================================
[2026-02-07 20:33:29.660] 매도 실행: SK텔레콤 - 손절(-11.85%)
[2026-02-07 20:33:29.662] ======== [주문 실행] SELL ========
[2026-02-07 20:33:29.676] 대상: 017670, 수량: 2, 단가: 시장가(0)
[2026-02-07 20:33:29.691] API URL: https://openapivts.koreainvestment.com:29443/uapi/domestic-stock/v1/trading/order-cash
[2026-02-07 20:33:29.742] 결과: 실패 (모의투자 영업일이 아닙니다.) [Code: 40100000]
[2026-02-07 20:33:29.743] ========================================
[2026-02-07 20:33:31.558] -----------------------------------------------------------------------------------------------------------------------------
[2026-02-07 20:33:31.559] 종목명                           보유수량     매입단가       현재가        매입금액        평가금액       평가손익     수익률
[2026-02-07 20:33:31.570] -----------------------------------------------------------------------------------------------------------------------------
[2026-02-07 20:33:31.583] SK하이닉스 (000660)                  15주    865,000원    839,000원    12,975,000원    12,585,000원     -390,000원     -3.01%
[2026-02-07 20:33:31.594] SK텔레콤 (017670)                     2주     78,500원     69,200원       157,000원       138,400원      -18,600원    -11.85%
[2026-02-07 20:33:31.605] -----------------------------------------------------------------------------------------------------------------------------
[2026-02-07 20:33:31.613]    총 평가금액: 12,723,400원  |  총 평가손익: -408,600원
[2026-02-07 20:33:32.766] 모니터링 완료. 대기 중...
[2026-02-07 20:36:33.461] 모니터링 주기 시작...
[2026-02-07 20:36:35.538] 매도 실행: SK하이닉스 - 추세이탈(주의) [점수:6, RSI:58.7, ADX:48.1]
[2026-02-07 20:36:35.539] ======== [주문 실행] SELL ========
[2026-02-07 20:36:35.555] 대상: 000660, 수량: 15, 단가: 시장가(0)
[2026-02-07 20:36:35.561] API URL: https://openapivts.koreainvestment.com:29443/uapi/domestic-stock/v1/trading/order-cash
[2026-02-07 20:36:36.121] 결과: 실패 (모의투자 영업일이 아닙니다.) [Code: 40100000]
[2026-02-07 20:36:36.123] ========================================
[2026-02-07 20:36:36.743] 매도 실행: SK텔레콤 - 손절(-11.85%)
[2026-02-07 20:36:36.745] ======== [주문 실행] SELL ========
[2026-02-07 20:36:36.764] 대상: 017670, 수량: 2, 단가: 시장가(0)
[2026-02-07 20:36:36.775] API URL: https://openapivts.koreainvestment.com:29443/uapi/domestic-stock/v1/trading/order-cash
[2026-02-07 20:36:36.826] 결과: 실패 (모의투자 영업일이 아닙니다.) [Code: 40100000]
[2026-02-07 20:36:36.828] ========================================
[2026-02-07 20:36:38.708] -----------------------------------------------------------------------------------------------------------------------------
[2026-02-07 20:36:38.710] 종목명                           보유수량     매입단가       현재가        매입금액        평가금액       평가손익     수익률
[2026-02-07 20:36:38.724] -----------------------------------------------------------------------------------------------------------------------------
[2026-02-07 20:36:38.735] SK하이닉스 (000660)                  15주    865,000원    839,000원    12,975,000원    12,585,000원     -390,000원     -3.01%
[2026-02-07 20:36:38.748] SK텔레콤 (017670)                     2주     78,500원     69,200원       157,000원       138,400원      -18,600원    -11.85%
[2026-02-07 20:36:38.756] -----------------------------------------------------------------------------------------------------------------------------
[2026-02-07 20:36:38.762]    총 평가금액: 12,723,400원  |  총 평가손익: -408,600원
[2026-02-07 20:36:39.910] 모니터링 완료. 대기 중...
